,Feature_comb,Density,Modularity,Assortativity,Degree Distribution,Shortest Path Length Distribution,Clustering Coefficient Distribution,Features Included
0,1,0.0,0.07598579366055364,0.0033188450999128913,0.5252487480811795,0.0,0.7755257424463646,['feature2']
1,2,0.0,0.10666719844590458,0.1382900812174836,0.46622295933671193,0.16561681422475655,0.8059572159016711,"['feature2', 'feature0']"
2,3,0.0,0.07513566691437307,0.16473781299702908,0.4603746210037775,0.0,0.8325540230786095,"['feature2', 'feature0', 'feature1']"
3,4,0.0,0.0890245558032619,0.1594893768772175,0.3803828931931158,0.0,0.832554018169623,"['feature2', 'feature0', 'feature1', 'feature3']"
