,Feature_comb,Density,Modularity,Assortativity,Degree Distribution,Shortest Path Length Distribution,Clustering Coefficient Distribution,Features Included
0,1,0.0,0.07598579366055364,0.0033188450999128913,0.5248883701087702,0.0,0.7080667277536167,['feature2']
1,2,0.0,0.10666719844590458,0.1382900812174836,0.4658810639967993,0.16533846945268435,0.741443367773045,"['feature2', 'feature0']"
2,3,0.0,0.07513566691437307,0.16473781299702908,0.4599362798727842,0.0,0.7889015124018848,"['feature2', 'feature0', 'feature1']"
3,4,0.0,0.0890245558032619,0.1594893768772175,0.3801558852849881,0.0,0.6913821908412634,"['feature2', 'feature0', 'feature1', 'feature3']"
