,nodes,feature_0,feature_1,feature_2,feature_3,feature_4,feature_5,feature_6,feature_7,feature_8
23,3867,1726,1535,1909,653,1539,2330,2814,119,1644
30,1508,1948,3152,1082,861,2484,846,920,224,3097
35,3385,1948,3152,1301,2928,405,846,920,1907,2185
49,1295,1121,509,490,861,2124,757,920,224,810
53,4667,2858,294,49,2940,844,861,1114,2086,2323
76,2299,515,294,653,2044,2063,920,224,810,2964
77,5803,1234,3152,2984,1515,2323,48,920,224,810
118,1600,1554,1191,1735,653,3164,920,224,810,2604
121,5610,1051,1417,2583,2024,653,287,3164,920,1907
144,5115,308,3152,2702,653,210,48,920,224,3097
153,6941,2248,911,1294,861,152,2063,920,224,810
158,133,2248,2446,1936,653,1539,1085,920,224,810
165,494,3040,2770,2334,2928,2012,2063,920,224,810
167,602,194,3152,2300,947,846,1340,653,920,1144
168,1476,1948,3152,917,507,653,359,3084,920,224
177,1774,1234,3152,2281,2251,2323,1963,2063,920,224
178,3047,308,3059,861,2611,2003,920,224,810,1130
197,6659,89,2446,2334,845,861,425,2282,920,224
199,2845,308,3152,333,653,2956,2330,2814,119,1644
203,4383,1449,1535,2090,861,2484,1085,920,224,3097
206,1775,1951,2770,1464,653,2668,3062,2814,119,1644
233,4328,2352,1535,1909,653,1539,2282,920,224,810
250,3915,1051,294,496,846,759,1085,920,224,3097
264,5714,1234,3152,1541,633,653,2243,2282,920,224
268,934,1951,421,1053,2323,1963,48,920,224,810
271,1025,515,294,1460,798,846,673,846,920,224
276,3285,2248,433,2263,846,2410,266,2814,119,1644
279,5106,1550,1417,48,102,2063,920,224,810,754
280,3486,1234,3152,496,846,1372,2282,920,224,810
283,1427,308,3152,3059,861,2845,1649,920,224,810
290,726,1234,3152,1936,40,653,1539,2282,920,224
292,3726,308,3152,2212,846,759,1649,920,224,810
297,438,89,2864,2908,723,844,653,2322,3084,920
311,3900,1521,1222,677,1217,2323,2070,846,920,224
345,3728,308,3152,2281,2928,473,757,920,224,810
347,94,2554,294,3059,861,489,2063,920,224,810
354,727,1521,1191,3091,653,1225,1649,920,224,810
356,1795,1234,3152,1301,1047,1527,2063,920,1907,2185
367,3819,1948,421,1936,861,425,3023,920,224,810
408,3897,1550,1191,496,861,621,861,920,224,810
411,6385,308,3152,490,653,210,2063,920,224,810
431,6250,1521,1191,2481,846,759,2063,920,1907,1612
443,4155,1234,3152,1294,2257,2928,461,2063,920,224
445,3379,1951,3152,2984,861,152,1777,920,224,810
448,4849,2554,2060,2984,1846,653,1225,861,920,224
464,430,1234,3152,653,1304,757,920,224,810,545
483,152,3040,2060,2908,723,844,861,1114,710,3084
488,2343,194,221,2354,656,2928,809,861,920,224
506,4405,308,3152,49,2940,844,2928,813,1047,920
508,24,454,509,1909,861,107,2330,2814,119,1644
514,351,515,3152,1513,1515,653,2243,1047,920,224
530,6989,1234,3152,1301,653,2668,2282,920,1907,2185
541,1336,308,3152,967,861,621,846,920,224,810
584,5973,1726,509,2334,2928,473,1649,920,1907,2185
605,1398,1234,3152,49,2940,844,846,3003,3001,3084
618,3749,308,3152,496,1324,2928,1659,846,920,224
619,1812,308,3152,2140,2873,653,1539,1174,920,224
629,1095,515,1222,51,1942,507,2928,813,2323,1821
638,2588,308,3152,1464,1047,2076,2063,920,1907,2185
647,5281,1521,1191,466,846,2987,2063,920,224,3097
668,755,1550,2060,2440,1551,653,359,3164,920,224
676,210,308,3152,1798,1247,861,2484,846,920,1144
694,6027,1951,165,2122,1832,861,1114,2323,920,224
711,2240,1521,307,51,1942,507,861,1114,1315,861
717,6052,2554,476,2620,236,861,2260,861,920,224
722,885,1234,3152,1301,1429,653,1093,757,920,224
740,3863,1234,3152,496,846,48,920,224,810,734
742,4456,1234,3152,2984,653,54,2063,920,224,810
754,462,2846,2060,2908,723,507,861,1974,48,920
774,3725,1521,3152,2334,40,2928,1126,48,920,224
802,6143,1051,3152,3047,660,989,2323,3164,2220,920
803,6801,194,1191,496,2404,861,919,1649,920,224
804,6802,515,3152,1301,2928,473,2282,920,224,810
807,6605,2665,1417,2281,653,600,247,920,224,2867
843,1973,1951,1143,2908,723,507,2928,2518,2323,920
851,1180,515,3152,3128,861,152,846,920,224,810
853,4071,1234,3152,2984,2251,846,1687,1777,2814,119
859,737,1234,3152,2334,2928,188,653,920,224,810
870,601,1234,3152,2387,450,653,359,861,920,224
896,617,308,3152,1883,1472,846,673,3164,920,224
897,264,1521,1191,1460,2152,846,984,247,920,224
900,1969,1449,294,677,846,759,1174,2814,119,1644
903,1585,3068,3152,428,653,126,356,920,224,2798
910,4349,1234,3152,1433,2928,2485,846,920,224,810
940,3371,1948,3152,1936,3154,653,1076,1649,920,224
946,1104,308,1294,3084,846,920,224,810,1013,1075
964,1188,194,294,1381,1467,942,507,893,2675,653
978,5731,1948,421,3059,772,653,1740,2063,920,224
981,4568,2846,2918,1909,861,107,2003,920,224,810
982,211,308,3152,452,861,213,3023,920,224,810
1010,828,1948,3152,1433,1047,2844,846,920,224,3097
1063,2082,1234,3152,2121,653,210,2323,920,224,3097
1070,1580,3040,1191,937,653,54,861,920,224,810
1073,1186,1234,3152,1513,653,210,1649,920,224,3097
1080,4707,670,509,677,2928,2139,1085,920,224,810
1093,3471,1234,3152,3091,653,2313,1085,920,224,810
1107,179,1234,3152,1351,2094,2928,2485,2323,920,1144
1119,5122,308,3152,333,653,2243,2928,920,224,810
1139,5446,1234,3152,2281,3162,653,1304,757,920,224
1141,5759,1951,3152,2334,846,1122,757,920,224,3097
1144,2993,1521,1191,937,653,811,1649,920,224,2621
1148,6073,1948,3152,2984,861,621,48,920,224,810
1186,4816,1948,1909,861,213,691,2814,119,1644,1108
1197,4680,2347,509,2255,798,846,759,1085,920,224
1200,6136,2858,1417,846,1924,2814,119,1644,667,2549
1211,1486,1234,3152,1301,2500,861,213,2063,920,224
1216,965,1948,421,1523,1472,861,2297,2063,920,224
1217,2614,308,2281,1769,2323,2289,757,920,224,810
1230,6109,1550,2060,2387,2024,861,1974,48,920,224
1244,6209,2554,1222,2984,653,210,653,920,224,3097
1264,569,515,221,496,1846,846,1881,3164,920,224
1266,1103,1234,3152,2263,861,2089,1747,2814,119,1644
1290,1138,1521,1079,2928,2518,48,920,224,3097,1722
1295,1426,1234,3152,2300,1872,861,1974,1047,920,1144
1306,3774,2605,1535,1186,1127,653,210,653,920,224
1320,6329,1951,2770,2952,653,1740,48,920,224,810
1369,193,2352,1618,1358,507,846,984,861,920,224
1376,6440,1234,3152,2334,2251,861,1594,2063,920,224
1380,2839,1234,3152,3155,1832,846,3003,3001,1649,920
1409,5294,2554,166,51,1942,3133,861,231,846,920
1424,5052,1948,3152,516,653,210,3164,920,1907,2185
1433,5934,1948,3152,2927,861,152,2063,920,224,810
1436,492,515,294,747,2796,861,152,247,920,224
1437,4230,1550,1417,333,1445,861,425,757,920,224
1438,560,2846,619,2281,846,1924,2063,920,224,810
1446,172,2554,1417,2702,137,861,1615,861,920,224
1462,6181,454,1535,2702,2141,861,2484,653,920,224
1497,6196,515,294,967,653,474,48,920,224,810
1506,4256,2554,2060,2281,846,1881,48,920,224,810
1507,30,3048,619,2334,1553,861,2611,757,920,224
1513,500,454,3152,677,702,2928,793,653,920,1907
1520,5639,1449,433,496,1515,846,1203,846,920,224
1541,1247,3068,1618,2121,2928,2485,48,920,224,3097
1545,1865,308,591,507,861,1114,2558,3084,920,1144
1559,4639,515,294,333,653,2331,691,2814,119,1644
1561,806,1948,421,1883,1824,653,2668,48,920,224
1567,4490,1951,2770,2593,87,861,2484,653,920,224
1568,5186,1234,3152,1081,948,861,2484,2928,920,224
1570,2069,1234,3152,677,653,811,1649,920,1907,2185
1575,4242,1234,3152,1909,2432,2323,1963,2063,920,224
1586,5210,1234,3152,1053,1235,861,213,653,920,224
1598,5120,1948,421,833,861,152,2063,920,1907,2185
1600,932,1550,3152,1909,2344,653,2243,757,920,224
1621,2203,515,3152,1053,1515,846,654,2928,920,224
1639,5866,2605,619,1936,653,2243,2063,920,224,810
1657,779,1948,3152,2927,2509,2928,461,2323,920,224
1676,387,515,1943,1798,1127,653,359,846,920,1144
1678,4863,1948,421,1909,861,2089,510,2814,119,1644
1688,3401,1234,3152,2025,846,1582,1747,2814,119,2996
1695,431,1550,911,496,1795,861,152,48,920,224
1716,5800,2347,619,2121,656,861,2427,3084,920,224
1725,1014,308,3152,1381,1467,942,507,893,2675,653
1734,715,515,1222,1381,1467,942,507,893,2675,846
1736,4213,3048,1191,2334,653,1932,2330,2814,119,451
1759,793,308,3152,3059,653,1403,757,920,224,810
1773,4406,1234,3152,1858,861,2089,992,2814,119,1644
1784,1977,2846,619,2984,1145,846,1881,2282,920,224
1793,1557,1948,3152,1081,2509,861,2505,861,920,224
1800,4139,2846,476,2,536,861,2555,3164,920,224
1807,1937,1948,421,3047,1201,989,2323,595,2855,2323
1818,3168,2846,307,1465,653,2668,3164,920,224,393
1834,827,515,1943,1541,1194,861,44,3023,2814,119
1839,3643,1948,421,2017,653,1499,2063,920,224,810
1841,1050,1234,3152,629,507,846,1203,1649,920,224
1850,185,1121,1417,496,767,653,600,48,920,224
1867,6038,515,3152,1523,2928,1659,2063,920,224,810
1869,6883,1133,2060,677,653,1093,2282,920,224,810
1883,795,1234,3152,1081,861,2484,48,920,224,810
1889,6590,2846,1713,967,702,861,2484,3023,920,224
1893,1237,1121,2918,2334,861,1621,3164,920,224,3097
1912,6121,1951,2770,2281,772,653,255,757,920,224
1913,3921,2858,166,1541,2462,2928,1126,846,920,1907
1923,5069,1951,1565,1936,861,1955,861,920,224,810
1937,3961,2605,2770,967,861,3063,2063,920,224,810
1970,1309,2347,509,2908,507,653,2322,2323,920,1144
1976,3688,194,476,1294,861,213,2282,920,224,810
1977,736,1234,3152,1081,1187,653,2243,653,920,224
2000,2472,1726,2918,490,653,2243,48,920,1907,2185
2004,4699,1121,294,2663,861,2484,2063,920,224,810
2019,5288,2347,1417,2556,653,2668,2003,920,224,810
2028,4210,1234,3152,833,1394,861,420,1649,920,224
2043,1613,2554,2060,1053,846,2935,2919,920,224,810
2045,675,1948,421,1909,653,1093,2003,920,224,810
2050,2913,2605,433,1294,653,1093,2282,920,1907,2185
2071,1072,1051,1222,629,846,759,861,920,224,3097
2077,2305,1948,421,1883,1832,846,673,2323,920,1144
2114,742,1948,421,968,2286,861,1974,2063,920,224
2119,2129,1121,1191,1464,653,1403,2282,920,1907,2185
2130,1601,194,1535,3059,861,2297,1777,2814,119,1644
2134,1886,1121,294,1883,861,2484,3084,920,1144,1761
2141,2654,2598,1417,1318,861,1751,2063,920,224,2867
2142,3847,515,294,2281,2251,653,600,1649,920,224
2144,3760,1948,421,861,2611,3062,2814,119,2996,86
2166,1303,308,3059,846,1203,861,920,224,2867,819
2179,4701,1550,3152,2090,2094,653,2726,2928,920,224
2182,4933,194,2464,677,2928,1126,757,920,224,810
2184,1582,1948,3152,1081,491,653,1225,2282,920,224
2203,5554,1121,1191,2281,653,2668,2282,920,224,810
2204,1132,1948,1565,2104,2716,861,1974,846,920,224
2210,124,3040,221,3091,653,2956,846,920,224,810
2233,917,2598,2918,1081,861,152,1085,920,224,3097
2240,3440,1951,2770,861,425,2063,920,224,810,553
2243,1807,515,221,1513,653,2668,1649,920,224,3097
2245,6001,308,2281,846,2999,2003,920,224,810,588
2271,900,2554,2060,1301,1970,2928,1616,1085,920,224
2288,622,1234,3152,1513,861,152,653,920,224,2867
2293,2783,308,1883,1832,2323,1501,48,920,1144,1761
2306,372,308,3152,333,653,2331,2003,920,224,810
2314,5094,308,3152,516,861,1047,920,1907,2185,3066
2318,1858,308,3152,1301,861,1621,1649,920,1907,2185
2320,1243,1051,1079,49,844,846,3003,3001,2928,920
2325,4839,1948,3152,1523,861,152,2063,920,224,3097
2327,4201,515,221,1464,653,1403,510,2814,119,2996
2330,2529,1521,1222,452,2425,846,2176,2282,920,224
2332,4589,1234,3152,1465,861,213,653,920,224,3097
2344,2849,3048,1417,677,846,3103,3164,920,224,810
2368,6075,2554,2060,1464,653,1403,3023,920,224,810
2388,1461,1521,421,496,846,673,2003,920,224,3097
2400,370,3040,294,333,861,1751,2330,2814,119,1644
2403,4620,1051,911,2281,2848,846,2176,2063,920,224
2417,2792,2605,911,357,653,210,2063,920,224,810
2429,38,1449,2918,49,198,2024,861,1974,846,920
2435,1604,1449,1535,1294,2928,1126,1777,920,224,810
2445,3654,1951,3152,2687,2458,2923,861,1974,2928,920
2474,4124,1948,421,1828,2928,2012,2282,920,224,810
2480,487,1550,2060,1513,861,2611,3164,920,224,810
2486,607,308,3152,2334,846,3103,1649,920,224,810
2489,2887,1051,619,1909,2928,1785,2330,2814,119,1644
2497,3084,1521,1535,1081,861,2484,3164,920,224,393
2503,428,1948,421,496,491,846,121,846,920,224
2507,3278,1521,421,1828,1286,653,2243,48,920,224
2516,2888,1234,3152,2334,653,1304,2282,920,224,810
2533,5581,3068,1417,1301,674,861,1789,1649,920,224
2548,1515,2347,166,967,2405,861,2611,2063,920,224
2556,1904,308,3152,1909,653,1499,3164,920,224,810
2558,693,2846,421,499,1360,48,1939,2928,920,1144
2559,6530,1234,3152,1464,653,1304,2919,2814,119,1644
2584,6081,308,3152,2984,861,44,3084,920,224,810
2626,2474,1234,3152,1053,1721,861,3063,2282,920,224
2648,173,2347,2446,2121,1875,653,1225,1085,920,224
2666,2026,438,221,333,861,425,1281,2814,119,1644
2674,708,1234,3152,2593,2509,861,1974,846,920,224
2676,4786,2605,1222,3155,1220,680,861,1114,861,920
2702,2379,1234,3152,1883,1551,653,359,1085,920,1144
2705,1650,2554,3152,333,861,213,3164,920,224,810
2710,4159,1449,1191,956,798,861,736,3164,920,224
2711,2090,839,3152,87,653,2395,846,920,224,2798
2720,5224,308,3152,333,846,2410,2919,2814,119,1644
2730,3886,515,1222,3059,846,2410,2919,920,224,2867
2732,1118,1521,3152,1226,507,861,3148,2323,920,224
2743,26,1948,3152,333,653,1403,2919,2814,119,1644
2746,1142,1234,3152,3059,861,1594,691,2814,119,1644
2752,5253,308,3152,1301,653,2243,1649,920,224,810
2754,2195,2605,2465,1523,87,861,3049,1085,920,224
2764,461,1234,3152,2121,56,653,784,861,920,224
2774,1410,308,3152,1820,450,2928,653,920,224,2798
2777,1400,1234,3152,1053,861,213,3023,920,224,3097
2797,5236,1234,3152,9,861,2124,3164,920,224,810
2803,5949,1948,1565,496,207,861,152,2282,920,224
2805,2218,1550,3152,2556,861,68,2282,920,224,810
2816,5133,515,3152,2984,861,2260,3164,920,224,3097
2818,1011,1550,509,1399,2796,2323,2070,1649,920,224
2850,5747,1234,3152,3091,861,621,757,920,224,810
2851,5813,1234,3152,2334,861,1594,2282,2814,119,1644
2871,212,308,3152,2090,861,1974,2928,920,224,3097
2872,752,1521,1079,2984,653,2243,2282,920,224,810
2888,2814,1550,2060,677,2405,846,3103,2063,920,224
2895,2957,1951,2770,1301,653,811,3023,920,224,810
2905,2270,2846,2918,1936,846,1687,2282,920,224,810
2915,667,1951,3152,2927,1177,861,213,48,920,224
2939,5870,308,3152,496,3162,861,152,2282,920,224
2945,3149,1234,3152,3047,656,861,231,3164,920,1907
2952,2438,438,1417,2090,1247,861,1974,48,920,1144
2960,2303,2598,3152,2334,2928,2607,3164,920,224,810
2969,3443,515,352,2666,861,1974,1047,920,224,3097
2979,3691,1550,1417,452,2515,653,1304,2928,920,224
2995,1512,308,3152,2702,861,1974,1085,920,224,3097
2997,6485,308,1294,3084,2022,3164,920,1907,2185,358
2998,3577,1521,2005,1909,2928,1126,3164,920,224,810
3004,1241,2605,433,1381,1467,942,507,893,2675,861
3012,6481,1951,421,496,589,861,1190,846,920,224
3020,1026,2605,509,2334,861,1955,2063,920,224,810
3025,3262,2347,911,1301,653,811,3164,920,1907,1612
3030,429,1051,911,1883,692,653,126,2928,920,224
3032,5146,2846,619,1464,861,2611,3023,920,224,810
3044,99,515,294,496,846,759,846,920,224,393
3056,3638,515,294,967,861,213,1649,920,224,810
3060,6609,89,294,1301,2928,473,1085,920,224,810
3061,2545,1554,1535,937,3029,2928,1929,2063,920,1907
3066,4083,1234,3152,1050,507,653,2853,653,920,1907
3069,2007,515,3152,496,861,213,3164,920,224,3097
3072,6399,308,3152,677,349,2928,920,1907,2185,2497
3090,4127,1051,3152,937,861,2013,846,920,1907,2185
3120,1766,1234,3152,3155,961,653,2224,48,920,1144
3121,639,308,3152,937,861,2484,846,920,224,3097
3126,2924,1726,1535,2281,2769,861,425,846,920,224
3134,1773,670,619,2025,846,1582,530,2814,119,1644
3145,953,1521,1535,1872,653,2528,653,920,224,2798
3162,166,89,1618,1858,861,107,1747,2814,119,2996
3170,4723,308,3152,1301,2928,1616,1649,920,1907,2185
3179,1435,438,2060,1883,2042,861,1974,861,920,1144
3187,1084,1234,3152,3055,987,653,874,2063,920,224
3192,228,2554,619,1508,507,846,673,2330,2814,119
3197,5912,2248,3152,3059,674,861,2857,757,920,224
3206,3934,1234,3152,3155,1220,1120,861,1974,48,920
3210,1499,308,1381,1467,942,507,893,2675,2323,1501
3223,1946,1951,3152,2984,633,861,213,1085,920,224
3235,2002,308,3152,3059,861,1955,1649,920,224,2867
3284,1173,1234,3152,2281,861,489,757,920,224,810
3285,2840,1234,3152,1936,192,2928,1126,1085,920,224
3293,720,1951,3152,3155,1832,846,673,861,920,1144
3301,1275,1948,3152,1294,265,2928,2012,2063,920,224
3310,1334,1951,3152,861,2845,1085,920,224,810,545
3311,2690,1521,1191,1523,653,2063,920,224,810,1063
3330,1778,1948,421,516,186,861,1709,1777,920,224
3350,5969,1951,3152,1909,861,425,510,2814,119,1644
3369,4137,308,3152,2212,861,1834,2928,920,224,810
3383,1996,1449,1535,3059,861,489,3164,920,224,2867
3405,5846,2554,1417,2121,653,1569,861,920,1907,1612
3416,3270,2665,2918,1464,2928,2198,1085,920,224,2867
3437,412,515,3152,2928,495,2063,920,224,2798,2064
3441,3595,308,3152,1936,1412,2928,131,48,920,224
3475,1621,1951,3152,496,861,1615,846,920,224,810
3477,1108,308,3152,496,653,1093,861,920,224,810
3483,4141,1550,2770,1294,2323,1963,1649,920,224,810
3487,3803,2347,3152,1460,692,2323,2004,2928,920,224
3496,2945,2347,2918,967,653,54,846,920,224,2867
3502,1762,515,1943,1538,861,213,1649,920,224,3097
3503,2656,515,294,2192,2108,861,1974,1085,920,1907
3521,6569,2605,3152,2017,2928,473,846,920,224,810
3523,5573,1234,3152,1513,2928,2485,2063,920,224,810
3532,922,308,3152,2307,861,1974,861,920,1144,1761
3542,717,1521,421,1229,1060,861,1974,2928,920,224
3577,933,1951,3152,1294,861,213,861,920,1907,2185
3578,5475,2554,1417,1081,1911,846,759,48,920,224
3606,3275,1234,3152,1936,861,1955,1085,920,224,810
3619,5032,1234,3152,496,385,861,425,3023,920,224
3620,5400,1521,1079,1334,861,2325,2928,920,224,810
3624,483,515,165,496,1187,861,2484,48,920,224
3637,981,1234,3152,1798,861,1974,3084,920,224,3097
3639,5817,2248,2864,677,861,2484,757,920,224,810
3657,3253,2605,433,937,1617,861,1974,3084,920,224
3658,4151,2598,3152,1301,653,54,2282,920,1907,2185
3668,1677,1234,3152,2300,1978,861,1974,846,920,224
3694,3031,2554,2465,3059,861,2484,1777,2814,119,1644
3716,454,1951,2770,2334,2928,1785,1085,920,224,810
3721,243,308,3152,2984,653,1225,1085,920,224,810
3722,4818,3040,221,116,861,1974,861,920,224,393
3723,1749,1948,1565,2663,1373,846,45,846,920,224
3731,6716,1948,421,2263,861,107,1281,2814,119,1644
3732,818,194,1222,3055,1846,653,2103,846,920,224
3739,649,3040,911,1381,1467,942,507,893,2675,2323
3755,4714,1951,2770,937,2294,861,213,846,920,224
3767,6756,438,1417,1464,861,213,757,920,224,810
3777,6210,454,433,1464,861,213,757,920,224,810
3800,7021,1234,3152,1936,2769,653,248,1649,920,224
3805,1716,2605,433,466,2094,653,2528,2396,920,1144
3817,6072,1948,3152,2212,861,2124,1085,920,224,810
3848,6087,1948,421,490,2323,2647,2063,920,1907,2185
3865,22,2554,294,1229,1463,846,673,3164,920,224
3878,294,1521,1222,967,846,121,2063,920,224,810
3882,5154,2605,1191,1081,846,759,1649,920,1144,1761
3886,2262,2554,1417,1909,846,2410,758,2814,119,1644
3915,1756,1554,2918,885,1873,861,1320,653,920,224
3925,1471,308,3152,917,137,861,2433,653,920,1144
3951,6274,308,3152,3047,2749,2108,861,231,2282,920
3966,1166,1234,3152,747,222,653,1569,861,920,1907
3971,1441,1234,3152,1792,1361,861,3164,920,224,810
3973,4235,515,3152,496,812,2928,1659,653,920,224
4000,236,1726,1191,357,1361,861,2484,861,920,224
4010,2630,1948,421,2941,1832,2928,2836,3084,920,1144
4035,281,1121,911,653,359,846,920,224,2867,569
4038,792,2605,2770,333,653,2580,3045,2814,119,1644
4042,4510,1521,1191,496,2994,861,2484,757,920,224
4075,1680,2554,2060,3155,1220,844,653,2322,48,920
4082,764,1234,3152,90,861,2484,757,920,224,810
4083,1388,1951,3152,1541,2323,1963,1777,2814,119,451
4087,4090,1234,3152,967,1127,2323,2059,2063,920,224
4114,3392,1948,421,629,861,2484,846,920,224,810
4118,4548,1234,3152,2066,164,2024,846,45,2063,920
4122,3706,308,3152,1858,861,425,147,2814,119,1644
4128,2858,89,1417,3059,846,2410,510,2814,119,1644
4139,276,1051,2465,1736,861,2073,861,920,224,810
4141,5162,2554,2005,1523,846,1881,846,920,224,810
4150,246,1234,3152,2307,450,861,2433,653,920,224
4152,2180,308,3152,2984,319,846,1203,1649,920,224
4160,1474,515,1143,629,1407,861,2297,48,920,224
4166,842,308,3152,49,198,2024,653,359,1047,920
4167,312,1951,3152,3022,656,861,2484,3164,920,224
4175,858,2347,1696,1523,948,2928,2003,920,224,810
4201,5515,2347,2918,1215,861,1564,861,920,224,810
4213,292,515,1222,1624,861,1974,861,920,224,810
4214,608,2554,619,1301,1846,653,784,2282,920,224
4215,4985,1199,3152,1851,861,1974,48,920,224,810
4221,859,89,1417,3059,861,107,1649,920,224,2867
4231,5142,194,1535,1778,415,846,673,2063,920,224
4234,6301,1948,421,3047,1361,861,231,653,920,1907
4237,465,1948,3152,3091,674,846,1122,2282,920,224
4239,1949,1554,1535,2090,536,653,2224,861,920,224
4250,2853,1948,3152,1016,1360,861,2484,2928,920,224
4259,3004,89,1222,677,2928,473,757,2814,119,900
4270,3790,2347,2464,1638,846,1777,2814,119,1644,404
4281,6872,1234,3152,1301,2928,473,3164,920,224,810
4290,460,1521,1222,1301,2928,473,3164,920,224,810
4304,1933,308,3152,917,2306,846,673,48,920,224
4306,1162,308,3152,1984,2928,3164,920,224,810,3056
4319,9,515,294,1513,207,653,474,846,920,224
4326,4310,1550,509,1936,2868,2928,497,1649,920,224
4328,3473,2248,2918,677,861,184,2063,920,1907,2185
4345,2557,1951,2770,2334,2114,653,2243,1649,920,224
4349,378,2605,911,2121,861,1974,1085,920,224,3097
4361,986,1948,421,2556,861,213,2063,920,224,810
4379,738,1051,1191,1538,846,1372,1085,920,224,810
4401,562,515,3152,2593,1110,2323,596,2323,920,224
4403,1115,1521,1222,2264,1978,846,654,861,920,224
4406,6074,2248,2060,861,2476,2063,920,224,810,1686
4407,1010,1951,421,3059,2928,497,846,920,224,810
4409,5726,194,2918,2984,2799,653,2119,2282,920,224
4420,219,308,3152,1294,846,3121,3164,920,224,810
4421,1199,1948,3152,289,1979,861,1282,861,920,1144
4422,6094,1234,3152,2663,2928,303,2063,920,224,810
4432,2022,515,3152,2984,2058,2928,131,48,920,224
4463,1089,1234,3152,28,861,425,861,920,224,810
4491,4715,308,3152,937,861,2013,48,920,224,810
4496,23,308,3152,452,1400,861,213,3023,920,1907
4503,5404,1521,421,1294,3169,653,1499,653,920,224
4509,1165,1234,3152,3059,1412,861,213,2282,920,224
4513,155,1951,3152,1508,507,861,2433,3084,920,224
4530,664,2605,2446,496,653,210,48,920,224,810
4531,300,515,3152,967,653,2243,2063,920,224,810
4552,6553,1234,3152,1778,767,653,1740,2282,920,224
4559,1280,1234,3152,2354,2306,653,784,861,920,224
4578,229,308,3152,1016,861,2493,846,920,224,3097
4597,1214,1521,1943,3059,2323,3069,653,920,224,810
4608,938,2554,619,2927,1999,2928,1825,2063,920,224
4611,540,1234,3152,1381,1467,942,507,893,2675,846
4615,1530,3040,2918,507,861,2493,653,920,224,810
4617,6061,670,2770,1523,861,468,1085,920,224,810
4636,2314,1951,3152,967,674,653,1539,691,920,224
4661,2451,1234,3152,2334,265,653,2956,1085,920,224
4669,1712,1951,3152,507,2928,834,356,920,224,2798
4699,1740,1051,2446,865,2659,861,1320,653,920,224
4708,4393,1234,3152,583,2928,473,846,920,224,810
4712,3757,89,2446,1301,1324,861,489,3164,920,224
4740,6935,2846,421,2066,507,653,1957,861,920,224
4741,1335,515,1222,2334,846,654,2003,920,224,810
4749,5006,2605,2770,171,653,2668,1085,920,224,810
4752,2148,1554,3152,1081,861,468,757,920,224,3097
4773,6150,308,2334,98,846,3103,653,920,224,810
4774,1509,2248,1417,677,2928,188,2063,920,1907,2185
4799,4191,1521,1191,333,846,2410,2330,2814,119,1644
4806,3959,308,3152,968,1832,861,1974,2928,920,224
4816,3042,515,1943,2556,2105,861,621,2282,920,224
4833,350,1521,3152,2307,656,861,1974,653,920,1144
4837,5945,515,1943,333,846,1924,1281,2814,119,1644
4860,5451,308,3152,452,653,2243,2282,920,224,810
4876,4700,3040,433,1318,861,213,1281,2814,119,1644
4889,1872,2846,619,703,656,3084,2928,920,224,3097
4905,3621,670,433,2281,861,152,2063,920,224,810
4919,5661,308,3152,2583,1194,846,487,349,920,1907
4922,3851,308,3152,2300,1775,2928,813,349,920,1144
4927,4305,1234,3152,2334,861,1955,2003,920,224,810
4934,4274,1121,1191,3059,2928,1785,1777,2814,119,1644
4935,501,1234,3152,3058,846,673,48,920,224,3097
4936,3252,438,619,1883,1978,861,2433,861,920,224
4938,2504,2554,619,1936,2323,2590,2063,920,224,810
4996,837,1951,3152,2264,653,2668,48,920,224,810
5008,1472,1948,3152,333,861,213,510,2814,119,1644
5012,6808,1948,421,1909,861,107,1174,2814,119,1644
5023,4280,1521,1222,956,861,1789,2063,920,224,810
5053,5812,1521,3152,490,846,3103,2282,920,224,2581
5056,4035,2248,1417,1513,2928,473,3023,920,224,810
5074,4196,1234,3152,1858,861,107,2330,2814,119,1644
5087,5523,1550,3152,1464,861,425,1777,920,224,810
5092,5824,1234,3152,1778,491,846,759,846,920,224
5103,588,308,3152,1381,1467,942,507,893,2675,846
5170,3295,438,1417,1301,861,420,3164,920,1907,2185
5172,6404,1234,3152,3059,846,2787,2282,920,224,810
5184,4324,2347,1222,677,653,1085,920,1907,2185,298
5187,1277,1948,3152,1523,1657,2928,497,846,920,224
5198,2644,2605,433,51,1942,507,2323,1501,48,2008
5199,1272,2069,1417,1883,2992,861,1320,653,920,224
5215,807,1133,433,333,861,1594,757,920,224,810
5217,145,1948,3152,917,846,673,3164,920,224,3097
5221,3302,308,2334,1632,1047,3127,1649,920,224,810
5224,798,3040,509,1229,1629,861,1974,1047,920,224
5228,5985,839,619,2,2695,2928,1659,846,920,224
5236,3998,1234,3152,1016,2323,1426,1047,920,224,2798
5240,781,1550,421,2663,653,1275,1649,920,1907,2185
5258,5722,1121,509,3022,948,861,152,757,920,224
5275,1837,1234,3152,2481,798,653,1569,653,920,224
5282,6368,1521,3152,2984,295,861,152,2282,920,224
5286,1473,1951,2770,1778,2315,861,425,653,920,224
5299,3668,515,1143,496,653,2224,3164,920,224,810
5302,3237,2846,619,1909,2928,1126,1777,920,224,810
5315,184,308,3152,1186,653,1499,1777,920,224,810
5326,6494,1640,3152,967,861,1955,1085,920,224,810
5355,1808,1948,3152,1936,2928,2546,2003,920,224,810
5358,441,1234,3152,1936,40,653,2243,757,920,224
5365,3083,2347,1222,1016,1938,861,1974,846,920,224
5403,2213,1521,1191,2334,861,213,1281,2814,119,1644
5406,1373,2605,1222,3058,116,2323,2610,653,920,224
5414,762,194,1191,829,692,2323,2610,2928,920,224
5416,3496,1234,3152,1351,1832,861,1974,2323,920,1144
5417,6054,1948,3152,1053,2323,1963,846,920,1907,2185
5445,4766,2598,1191,2122,519,2323,1818,1047,920,224
5449,3458,2605,2464,2927,861,489,2063,920,224,2867
5465,618,2554,1417,2300,807,653,359,1047,920,1144
5487,6192,2248,294,2334,653,2243,1047,920,224,810
5490,1255,2554,1417,1016,1086,2928,892,846,920,224
5498,2788,3040,509,496,1331,2928,473,349,920,224
5499,403,2554,619,1513,653,2243,861,920,224,810
5502,147,1948,1565,3059,735,861,2089,3045,2814,119
5504,1610,515,3152,1381,1467,942,507,893,2675,653
5513,6165,1234,3152,1523,2405,861,489,1085,920,224
5518,87,515,3152,1381,1467,942,507,893,2675,2323
5526,3520,2554,3152,452,653,1403,3164,920,224,810
5540,4523,2846,2464,2192,1141,653,1569,2063,920,1907
5588,912,1948,1565,2963,653,1569,48,920,224,810
5592,700,2554,476,2334,653,811,3164,920,224,810
5600,4067,308,1301,2323,2658,2063,920,224,810,1614
5629,776,308,3152,3155,2272,1077,861,1974,48,920
5662,877,2347,2918,333,2928,2012,1085,920,224,810
5682,5001,1550,421,2121,2562,861,231,2063,920,224
5706,6955,2846,3152,2281,2315,861,152,3023,920,224
5717,4197,308,3152,498,2521,2928,2738,1047,920,224
5760,3370,1234,3152,1053,237,653,2243,653,920,224
5796,2872,1234,3152,452,653,1499,1649,920,224,810
5801,3209,2846,1713,2140,861,2089,510,2814,119,1644
5803,2507,2846,1713,2281,1394,846,759,1085,920,224
5805,2284,1948,3152,2984,653,2668,861,920,224,810
5811,464,3040,619,2307,1832,653,2528,846,920,224
5819,6059,1951,3152,1909,861,152,2919,920,224,810
5831,1382,308,3152,3059,846,2410,1281,2814,119,1644
5834,3855,1234,3152,2281,861,2297,3164,920,224,810
5836,1374,1948,421,1508,507,861,2493,2063,920,224
5864,1401,1951,2770,90,861,2484,2003,920,224,810
5875,2719,89,1079,1909,846,2410,1174,2814,119,1644
5897,5365,839,619,1301,2928,473,1649,920,1907,2185
5906,2883,308,3152,496,1911,2928,461,48,920,224
5907,5338,1951,2770,452,653,2331,1085,920,224,810
5909,6419,1951,3152,2387,861,1974,1085,920,224,3097
5914,4143,2248,1535,1274,653,2243,2282,920,224,810
5921,5417,1234,3152,2556,861,1621,3164,920,224,810
5931,1350,1234,3152,1081,2992,861,1974,653,920,1144
5938,1481,1948,3152,1909,861,2089,2003,920,224,810
5939,3108,1951,421,2984,3154,861,213,2063,920,224
5941,5842,1234,3152,2263,48,266,2814,119,1644,2131
5942,3746,308,2104,2306,48,372,3164,920,224,2867
5965,1059,308,3152,333,846,2787,1281,2814,119,1644
5972,2396,1234,3152,591,2628,989,2323,595,2423,846
5975,914,2598,3152,496,861,2484,1085,920,224,3097
5988,6042,194,509,1081,2483,846,1687,2928,920,224
5991,4711,839,1417,2281,2928,131,757,920,224,810
6020,3996,2554,2060,1464,861,1955,1085,920,1907,2185
6025,1848,515,2142,2323,676,653,920,224,810,3142
6086,4949,1521,1191,2025,846,2744,1314,2814,119,1644
6102,6459,1948,1565,2334,1217,846,1122,1649,920,224
6103,1355,308,3152,496,846,2410,3164,920,224,810
6105,93,2554,294,2263,846,1924,510,2814,119,1644
6109,605,2347,378,1798,861,2073,653,920,224,3097
6135,1537,2846,3152,3022,861,2484,2063,920,224,3097
6155,3001,308,3152,2300,1832,653,2322,2323,920,1144
6187,5854,3048,2864,1523,846,759,2003,2814,119,451
6188,4889,2846,2918,516,861,2063,920,1907,2185,3137
6194,4187,1550,3152,1301,653,2243,1085,920,1907,2185
6198,2275,1951,2770,2334,1894,653,2243,1085,920,224
6212,724,1234,3152,496,846,1203,3164,920,224,810
6226,5315,1133,1535,1909,3167,861,425,2282,920,224
6262,6328,1951,3152,3155,1220,844,861,1114,1047,920
6271,544,1521,3152,1351,2394,846,3003,653,920,1144
6280,4152,2846,421,1301,861,44,48,920,1907,2185
6285,1583,1521,1079,2963,597,2928,2731,1649,920,224
6291,1039,308,3152,1301,1657,1047,2939,3164,920,224
6303,3076,308,3152,677,861,420,2928,920,1907,2185
6306,6733,515,221,937,653,2668,846,920,224,810
6360,2756,2554,165,1513,2053,861,152,1085,920,224
6382,416,1133,2060,2121,653,210,653,920,224,810
6385,5110,515,3152,1513,846,3121,1085,920,224,3097
6408,3709,89,1417,496,653,600,757,920,224,810
6411,2061,1234,3152,2556,861,107,2330,2814,119,1644
6416,1563,1948,3152,1107,1873,653,359,48,920,224
6420,2049,194,216,2281,861,2297,1085,920,224,810
6423,2447,1234,3152,2263,48,992,2814,119,1644,667
6445,6985,1234,3152,1792,1515,653,210,2063,920,224
6449,2352,1234,3152,333,653,1539,1281,2814,119,1644
6463,1423,2248,1535,49,844,861,1114,2086,861,920
6466,3213,515,3152,2121,1617,653,1430,3164,920,224
6480,557,308,3152,2957,1515,861,2323,920,224,810
6483,713,3040,2770,1513,1394,861,2124,1085,920,224
6484,1701,89,433,1294,1232,653,2243,846,920,1907
6491,119,1948,421,629,2253,846,673,846,920,224
6495,563,308,3152,2104,846,121,3164,920,224,2798
6500,360,1234,3152,2334,2928,188,1649,920,224,810
6503,5200,1521,1535,3022,2928,495,48,920,224,3097
6531,3465,308,3152,1513,1515,861,2484,846,920,224
6547,6358,2846,476,2334,846,1582,1649,920,224,810
6561,768,1133,294,968,653,524,2003,920,224,3097
6585,4748,2554,166,967,2315,861,213,757,920,1907
6600,6320,89,433,2927,861,152,653,920,224,3097
6613,2934,1234,3152,2556,861,2845,2282,920,224,810
6629,2577,1121,1535,1778,861,489,2928,920,224,3097
6636,2177,1948,3152,1081,688,653,600,48,920,224
6640,2987,1051,2446,937,2928,473,2063,920,224,3097
6648,2832,670,1222,1464,2928,497,3023,920,224,810
6655,6992,1234,3152,2963,2418,3084,861,920,224,810
6672,719,308,3152,1464,861,213,2003,920,224,810
6697,4194,1234,3152,2963,798,861,44,3164,920,224
6702,3243,308,3152,1936,2928,1659,1085,920,1907,2185
6708,1327,1951,3152,2,653,2668,2928,920,224,3097
6732,105,2554,294,2387,861,110,2928,920,224,810
6737,5577,1726,1079,333,653,2331,48,920,224,2867
6739,2566,3068,221,2818,846,3121,846,920,1907,2185
6742,168,1948,421,1883,807,2323,2527,846,920,1144
6745,5329,308,3152,2122,348,846,2987,3164,920,224
6755,1055,1234,3152,1465,846,654,3023,920,224,3097
6756,2437,2846,2060,1082,385,861,1701,653,920,224
6781,2680,1234,3152,1301,207,2323,2070,1649,920,1907
6783,615,2605,1191,1523,653,210,1649,920,224,810
6820,484,2846,2918,516,319,2323,2658,48,920,1907
6822,2107,1234,3152,1936,1412,2928,473,2282,920,1907
6827,2186,1948,3152,1909,2323,2897,861,920,224,810
6841,2179,1951,3152,1909,653,1093,1174,2814,119,1644
6848,4935,1234,3152,3059,861,2297,2919,2814,119,1644
6855,2895,2858,3152,2818,846,1881,2063,920,224,810
6862,1346,2598,2060,638,2053,846,673,846,920,224
6893,2755,2347,166,679,861,231,1649,920,1907,1612
6895,6800,2605,421,2300,2024,653,359,861,920,224
6915,5631,1948,421,967,653,2891,48,920,224,810
6933,3833,1234,3152,2355,1998,861,2297,861,920,224
6963,4087,1951,3152,1318,2323,1734,691,2814,119,1644
6974,3832,2554,619,1301,135,861,213,2282,920,224
6976,815,2846,3152,861,621,1649,920,224,2867,1108
6977,1322,1051,2918,496,861,468,1649,920,224,810
6985,3842,1234,3152,496,236,861,213,1649,920,224
6995,1685,1234,3152,49,2940,507,861,2433,2323,920
7000,773,89,1417,1351,842,861,1114,2086,349,920
7006,2997,308,333,861,107,3062,2814,119,1644,667
7019,3065,1948,3152,1294,2323,676,846,920,224,810
7037,2967,1948,421,1984,2141,861,1320,846,920,224
7038,5466,308,3152,1274,861,1955,1085,920,224,810
7056,4287,1951,2770,1301,1047,2236,2928,920,1907,2185
7064,1488,1948,3152,3155,1220,1872,861,2427,3084,920
7065,401,1051,294,3091,861,2484,1777,2814,119,451
7069,1869,89,294,333,861,1594,3045,2814,119,1644
7073,58,3048,1417,1523,846,759,2282,920,224,3097
7074,5833,1449,2005,1936,2171,861,2611,653,920,224
7081,1304,1951,3152,1508,507,846,3003,3084,920,224
7095,789,1051,433,956,798,653,2668,2323,920,224
7098,904,1449,2770,3155,1220,844,846,3003,2928,920
7099,1312,670,1191,865,1463,861,1974,1085,920,224
7119,5696,1521,1222,3047,1650,989,846,2639,1058,48
7121,1065,1234,3152,1381,1467,942,507,893,2675,2323
