,feature_feature_0,feature_feature_1,feature_feature_2,feature_feature_3,feature_feature_4,feature_feature_5,feature_feature_6,feature_feature_7,feature_feature_8
0,670,1713,3059,653,2243,2282,920,224,810
1,2554,619,333,2622,2928,473,3023,920,224
2,2605,2918,937,653,1225,1085,920,224,810
3,1951,3152,357,1162,653,1569,3164,920,1907
4,515,221,1792,2928,1661,48,920,224,810
5,1521,1191,1318,653,1304,2003,920,224,810
6,1521,1079,1464,846,1029,2330,2814,119,1644
7,1234,3152,2334,861,1594,2282,2814,119,1644
8,194,1222,3055,1846,653,2103,846,920,224
9,1521,1191,2025,846,2744,1314,2814,119,1644
10,515,2142,1909,861,2089,1281,2814,119,1644
11,1121,294,357,798,846,846,920,1907,2185
12,308,3152,2192,656,846,759,2063,920,1907
13,1521,1535,967,861,2073,48,920,224,810
14,515,1696,1242,656,653,861,920,224,810
15,2352,1417,709,846,654,653,920,224,3097
16,670,619,861,2089,1281,2814,119,1644,2721
17,454,509,1909,861,107,2330,2814,119,1644
18,3048,1079,452,653,2243,2003,920,224,810
19,3048,619,2334,1553,861,2611,757,920,224
20,454,1535,1294,861,2845,757,920,224,810
21,308,3152,452,861,213,3023,920,224,810
22,2554,1417,1464,861,1621,757,920,224,810
23,1951,165,2984,861,2484,2063,920,224,810
24,308,3152,2984,653,1225,1085,920,224,810
25,1951,3152,2281,2315,653,2668,3164,920,224
26,1234,3152,1053,861,152,48,920,224,810
27,1951,421,937,861,2484,861,920,1907,2185
28,1234,3152,653,1304,757,920,224,810,545
29,3040,2770,2334,2928,2012,2063,920,224,810
30,2846,2918,2334,653,255,2282,920,224,810
31,308,3152,2334,846,3103,1649,920,224,810
32,1948,421,1909,653,1093,2003,920,224,810
33,2554,476,2334,653,811,3164,920,224,810
34,1951,421,677,2509,2928,1661,48,920,224
35,2347,2918,333,2928,2012,1085,920,224,810
36,1550,3152,1909,2344,653,2243,757,920,224
37,2554,619,2927,1999,2928,1825,2063,920,224
38,1234,3152,2984,861,213,861,920,224,810
39,1554,1535,1828,861,213,653,920,224,810
40,1234,3152,28,861,425,861,920,224,810
41,308,3152,1053,2404,861,231,3164,920,224
42,2605,619,2334,861,213,1085,920,224,810
43,2248,3152,1053,985,653,2668,846,920,224
44,308,3152,3059,861,2845,1649,920,224,810
45,1948,3152,1909,861,2089,2003,920,224,810
46,1234,3152,1707,3113,653,1569,48,920,224
47,308,3152,1186,2928,1616,2063,920,1907,2185
48,1051,2060,2984,653,811,3164,920,224,810
49,1234,3152,1081,2716,861,152,846,920,224
50,1234,3152,2017,1657,846,1687,757,920,224
51,1948,3152,2984,653,2668,861,920,224,810
52,1948,3152,2963,1931,653,2931,3164,920,224
53,1234,3152,28,887,846,1687,1649,920,224
54,1234,3152,1053,1721,861,3063,2282,920,224
55,308,3152,333,653,2243,2928,920,224,810
56,308,3152,1798,270,846,1203,1649,920,224
57,1234,3152,452,653,1499,1649,920,224,810
58,1051,619,1909,2928,1785,2330,2814,119,1644
59,1948,3152,1294,2323,676,846,920,224,810
60,308,3152,1936,2928,1659,1085,920,1907,2185
61,1521,421,1828,1286,653,2243,48,920,224
62,1234,3152,496,2928,2485,653,920,224,810
63,308,3152,2984,861,2484,846,920,224,2867
64,1948,421,2281,861,152,2063,920,224,810
65,2554,3152,452,653,1403,3164,920,224,810
66,670,3152,1936,2928,1600,2282,920,224,810
67,1550,1417,452,2515,653,1304,2928,920,224
68,1521,3152,2334,40,2928,1126,48,920,224
69,1234,3152,2334,362,653,2243,1085,920,224
70,1234,3152,1936,653,2243,2282,920,224,810
71,308,3152,2745,861,425,3164,920,224,810
72,308,3152,1936,1014,861,107,757,920,224
73,1234,3152,1858,861,107,2330,2814,119,1644
74,1234,3152,1909,2432,2323,1963,2063,920,224
75,1449,294,1828,2714,653,2668,2928,920,224
76,2352,1535,1909,653,1539,2282,920,224,810
77,2554,619,2334,2323,48,920,224,810,277
78,2665,1417,2281,653,600,247,920,224,2867
79,1948,3152,861,2484,861,920,224,810,972
80,1948,421,3059,861,489,48,920,224,810
81,1948,421,2263,861,107,1281,2814,119,1644
82,1521,1535,967,618,653,210,861,920,224
83,1951,3152,1053,2404,653,2063,920,224,3097
84,1951,1565,1936,861,1955,861,920,224,810
85,1550,509,2334,861,425,3164,920,224,810
86,1521,421,1909,3167,653,1499,48,920,224
87,1550,1191,1274,653,2243,2063,920,224,810
88,89,1417,496,653,600,757,920,224,810
89,1234,3152,333,861,213,2003,920,224,810
90,1133,1535,1909,3167,861,425,2282,920,224
91,515,3152,2334,1177,846,1687,1085,920,224
92,1948,421,3059,653,2668,3023,920,224,2867
93,308,3152,3059,861,1955,1649,920,224,2867
94,1951,2770,452,653,2331,1085,920,224,810
95,1521,421,1294,3169,653,1499,653,920,224
96,2248,619,937,2928,1661,48,920,224,3097
97,308,3152,452,653,2243,2282,920,224,810
98,2598,1417,1799,2928,1661,48,920,224,3097
99,1951,2770,2263,861,425,992,2814,119,1644
100,1521,3152,1798,2666,846,654,48,920,1144
101,308,3152,917,2306,846,673,48,920,224
102,1550,2770,3022,2509,861,2325,2928,920,224
103,2347,2918,2687,2458,1463,861,231,861,920
104,1234,3152,2872,1297,861,2484,846,920,224
105,515,294,2307,2928,578,1047,920,1144,1761
106,1234,3152,2281,846,2410,510,2814,119,1644
107,1550,1618,2908,723,507,861,1974,1085,920
108,1521,3152,2256,2504,507,861,1546,861,978
109,1951,3152,3059,861,152,1777,2814,119,1644
110,308,3152,496,653,1740,757,920,224,3097
111,1951,3152,2104,450,861,2073,653,920,224
112,2248,433,2263,846,2410,266,2814,119,1644
113,1521,1079,496,846,1687,1085,920,224,810
114,1234,3152,967,846,3121,1649,920,224,810
115,2605,1535,2984,548,861,2484,861,920,224
116,1234,3152,2025,846,1582,1747,2814,119,2996
117,1948,421,2334,1232,846,1687,1649,920,224
118,1234,3152,1778,767,653,1740,2282,920,224
119,1449,294,352,861,2297,653,920,1144,1906
120,1234,3152,2687,563,2394,846,2320,48,920
121,1948,3152,2263,846,2787,3116,2814,119,1644
122,2069,1417,2281,3154,846,1203,1649,920,224
123,1948,3152,428,2666,653,210,3164,920,224
124,2858,294,956,861,1615,1649,920,224,810
125,1948,3152,833,2928,2546,48,920,224,810
126,515,1222,2212,861,489,861,920,224,2867
127,1951,421,2256,2504,507,861,960,1959,48
128,308,3152,2256,2504,507,846,2639,2842,3084
129,1234,3152,1936,1632,861,107,2919,2814,119
130,2554,619,496,846,1687,3045,2814,119,1644
131,1951,2770,496,2323,1818,2282,920,224,3097
132,1121,2918,1707,861,231,2282,920,224,3097
133,2605,509,1778,1202,861,2484,2282,920,224
134,2605,2918,3155,846,673,2928,920,1144,1761
135,1951,3152,1936,861,2611,3023,920,224,810
136,515,3152,2256,2504,507,861,960,1959,861
137,1948,421,496,948,653,846,920,224,810
138,2605,2770,2085,2859,842,2928,2518,653,920
139,1521,3152,352,846,654,757,920,224,3097
140,2858,619,2,570,846,2987,2282,920,224
141,1948,3152,899,1655,2024,861,960,653,920
142,1234,3152,333,861,489,2330,2814,119,1644
143,1948,3152,1909,2323,2897,861,920,224,810
144,308,2281,861,2484,2282,920,224,3097,615
145,515,3152,2307,317,861,1974,48,920,1144
146,308,1798,861,2073,653,920,224,3097,1291
147,1948,421,496,861,2073,1085,920,224,810
148,1234,3152,466,1361,861,2484,48,920,224
149,1550,2770,2212,1162,846,759,861,920,224
150,1234,3152,2758,116,653,846,920,224,3097
151,515,1222,3059,846,2410,2919,920,224,2867
152,2069,3152,1936,861,2611,2003,2814,119,1644
153,308,3152,3059,3162,861,1746,2282,920,224
154,1951,1565,1095,2673,846,815,846,920,1144
155,1234,3152,3022,2152,861,231,861,920,224
156,3040,2465,3155,2253,846,759,1085,920,1144
157,2858,1535,496,846,673,2330,2814,119,1644
158,1234,3152,496,846,1372,2282,920,224,810
159,308,3152,2941,2024,846,673,2928,920,224
160,308,3152,1172,861,152,846,920,224,810
161,1550,1191,87,846,2987,861,920,224,3097
162,1951,3152,2818,222,861,2484,1085,920,224
163,1521,1191,3059,861,489,3023,920,224,810
164,515,294,956,536,846,673,1085,920,224
165,1234,3152,2687,507,2928,1605,1085,920,1144
166,1948,1565,2281,846,654,2282,920,224,3097
167,2846,476,2334,846,1582,1649,920,224,810
168,308,3152,2334,1014,861,489,2282,920,224
169,1521,3152,2300,653,210,2063,920,224,3097
170,308,3152,496,653,600,861,920,224,3097
171,1521,1191,1936,861,489,510,2814,119,1644
172,1951,421,1082,846,759,846,920,224,810
173,1640,3152,967,861,1955,1085,920,224,810
174,1521,421,2183,846,1881,846,920,224,393
175,1948,1565,1820,846,2987,2928,920,224,3097
176,1948,3152,1863,1832,846,759,3164,920,1144
177,3068,1535,1053,846,759,2063,920,224,3097
178,1234,3152,2281,846,759,3023,920,224,3097
179,1234,3152,2334,300,846,3103,3023,920,224
180,1951,421,2,450,861,44,2919,2814,119
181,438,2918,967,653,2668,2282,920,224,810
182,1051,2770,499,2716,861,1974,2063,920,224
183,1948,3152,2104,961,861,1974,1047,920,224
184,1234,3152,2256,2504,507,861,960,1959,846
185,3048,2770,9,861,468,2282,920,224,810
186,2347,1417,466,1247,861,1974,1085,920,224
187,1234,3152,2212,846,2987,1174,2814,119,1644
188,2554,216,3155,2992,846,673,2928,920,1144
189,2846,2060,1081,1202,846,673,3164,920,1144
190,1521,3152,2687,2458,2923,846,2639,3023,920
191,1449,1417,333,48,758,2814,119,1644,2244
192,1554,619,943,450,846,673,861,920,224
193,1234,3152,1936,653,1539,691,2814,119,1644
194,1234,3152,2183,1361,846,654,1085,920,224
195,1550,3152,333,846,2410,2330,2814,119,1644
196,515,294,1952,861,2484,3164,920,224,3097
197,89,619,2984,846,759,3023,920,224,3097
198,308,3152,2355,236,861,2484,2919,920,224
199,1521,3152,2927,887,861,1320,3164,920,224
200,1234,3152,1858,861,425,758,2814,119,1644
201,1234,3152,3155,1220,1120,861,1974,48,920
202,1948,421,160,861,2073,2323,920,1144,1761
203,308,3152,956,1032,653,359,247,920,224
204,1550,1191,496,861,621,861,920,224,810
205,2605,1191,1081,846,759,1649,920,1144,1761
206,515,2142,2256,2504,507,861,960,1959,846
207,2554,2142,1523,1187,861,2484,861,920,224
208,3068,433,2557,861,489,1281,2814,119,1644
209,1948,1909,861,213,691,2814,119,1644,1108
210,2846,2446,496,861,1621,861,920,224,810
211,1948,421,2263,861,1751,3116,2814,119,2996
212,2347,1079,2334,861,468,266,2814,119,451
213,2554,619,2281,48,765,757,920,224,3097
214,2598,476,2085,2859,842,846,673,2928,920
215,1234,3152,1081,186,861,1974,48,920,224
216,1951,2770,496,846,2987,2063,920,224,393
217,2554,1222,1909,653,2956,3045,2814,119,1644
218,2347,3152,352,861,1974,1649,920,224,3097
219,1554,509,1464,1117,846,3103,1174,920,224
220,2554,2465,3059,861,2484,1777,2814,119,1644
221,1948,1565,2281,861,2611,2330,2814,119,451
222,515,294,1778,861,2124,653,920,224,810
223,2605,619,2334,846,759,2063,920,224,810
224,1234,3152,1399,1933,861,213,48,920,224
225,308,3152,413,861,2073,1649,920,224,393
226,89,1417,3059,861,107,1649,920,224,2867
227,515,3152,2984,887,861,1974,2063,920,224
228,3068,3152,1883,846,759,2063,920,224,810
229,438,221,333,861,425,1281,2814,119,1644
230,194,216,2281,861,2297,1085,920,224,810
231,1948,421,1301,861,2484,2282,920,224,810
232,308,3152,1778,861,2164,48,920,224,810
233,2605,1191,2263,846,1582,3062,2814,119,1644
234,194,216,2307,861,1974,48,920,1144,1761
235,308,3152,333,653,2956,2330,2814,119,1644
236,1726,1535,1909,653,1539,2330,2814,119,1644
237,2352,1535,333,653,1539,510,2814,119,1644
238,89,1079,1909,846,2410,1174,2814,119,1644
239,1234,3152,3059,846,3103,1281,2814,119,1644
240,2665,3152,1538,2799,2928,1659,653,920,224
241,2554,1222,333,653,2331,691,2814,119,1644
242,1948,421,3059,772,653,1740,2063,920,224
243,1948,3152,2121,861,2484,2063,920,224,3097
244,1948,3152,382,2152,2928,2738,2063,920,224
245,308,3152,2663,2024,861,1771,653,920,224
246,2347,221,885,2928,80,2928,920,224,3097
247,1554,619,2963,861,231,861,920,224,3097
248,1234,3152,498,989,653,784,1649,920,224
249,3040,619,1301,861,621,1649,920,224,810
250,1234,3152,1858,861,2089,992,2814,119,1644
251,515,1943,3059,2928,2012,2282,920,224,810
252,194,476,1294,861,213,2282,920,224,810
253,1521,1079,2354,3035,861,800,861,920,1144
254,2554,619,1936,2323,2590,2063,920,224,810
255,1234,3152,1936,2323,2070,3045,2814,119,1644
256,1234,3152,2121,2928,2878,846,920,224,3097
257,1234,3152,1798,1407,861,2297,861,920,224
258,2858,619,2121,2928,1884,48,920,1144,1761
259,1951,3152,1464,2928,131,2003,920,224,810
260,2248,378,629,543,1047,555,846,920,224
261,1948,3152,1778,2928,1825,2282,920,224,3097
262,515,3152,1707,2928,1661,1649,920,224,3097
263,2554,294,496,861,489,1085,920,224,3097
264,308,3152,496,135,861,2297,3164,920,224
265,670,509,496,861,2484,861,920,224,810
266,1951,2770,516,653,1225,3164,920,224,3097
267,1234,3152,591,2074,989,48,521,2928,2632
268,1948,3152,2281,653,1403,1281,2814,119,1644
269,1234,3152,2927,861,2297,48,920,224,810
270,515,3152,591,1841,2024,653,3076,846,920
271,2554,294,1053,846,1881,3023,920,224,393
272,308,1081,2516,653,600,2063,920,224,810
273,1951,3152,583,653,2056,48,920,224,810
274,1951,2770,1274,861,213,1174,920,224,810
275,1234,3152,1909,846,2410,1281,2814,119,1644
276,2248,1222,2104,3016,653,600,3164,920,224
277,1951,3152,333,846,2410,1281,2814,119,1644
278,1951,3152,1318,653,1539,1777,2814,119,1644
279,308,516,653,126,48,920,224,810,1161
280,1051,1943,937,653,2243,846,920,224,3097
281,1234,3152,1081,688,861,2484,3023,920,1144
282,1951,2770,1464,653,2668,3062,2814,119,1644
283,1951,165,1301,653,784,2282,920,224,810
284,1521,1535,496,1233,861,489,653,920,224
285,194,1191,2121,653,287,48,920,224,810
286,1121,1191,2556,861,2845,3023,920,224,810
287,308,333,861,107,3062,2814,119,1644,667
288,89,1191,1301,1373,653,811,1649,920,224
289,1948,3152,591,2074,989,2323,595,665,653
290,308,3152,1936,1014,2928,473,3023,920,224
291,1951,2770,499,2024,2928,2738,349,920,1144
292,1234,3152,2984,653,1304,2282,920,224,3097
293,308,3152,1523,653,2668,757,920,224,810
294,2554,3152,380,48,2063,920,224,810,754
295,1554,3152,1351,2094,1047,1458,48,920,1144
296,1550,509,2263,846,2787,992,2814,119,1644
297,1234,3152,2334,265,653,2956,1085,920,224
298,454,433,1464,861,213,757,920,224,810
299,3040,433,1318,861,213,1281,2814,119,1644
300,1234,3152,160,519,861,2484,846,920,1144
301,2347,619,496,861,425,1085,920,224,3097
302,308,3152,452,861,425,2282,920,224,810
303,1948,3152,591,2074,989,653,2853,2311,3164
304,515,1222,967,861,213,3164,920,224,3097
305,670,509,677,2928,2139,1085,920,224,810
306,1521,1222,1202,846,759,3164,920,224,3097
307,194,509,1936,1553,653,1403,3164,920,224
308,1234,3152,1909,861,425,2330,2814,119,1644
309,1521,3152,1707,861,3164,920,224,3097,400
310,1521,1079,2281,873,861,425,3164,920,224
311,2069,619,591,2074,989,861,800,2323,1821
312,1948,3152,2663,2928,1590,2063,920,224,3097
313,1521,3152,2984,295,861,152,2282,920,224
314,515,1943,2300,846,1203,1649,920,224,3097
315,1051,1222,1465,861,2484,2063,920,224,3097
316,438,1191,2121,3,653,1727,653,920,224
317,308,3152,2687,2458,2394,2928,2351,2063,920
318,1234,3152,2084,2024,2928,1661,48,920,224
319,1951,3152,2984,861,152,1777,920,224,810
320,308,3152,376,656,2323,861,1546,920,1907
321,308,1541,2928,188,48,920,1907,2185,1424
322,1951,421,2192,2928,532,3164,920,1907,2185
323,1449,1535,885,2509,2323,1963,3164,920,224
324,3040,509,273,653,145,2282,920,1907,2185
325,1234,3152,2481,2928,1661,48,920,1907,2185
326,1234,3152,1541,3084,846,920,1907,2185,1043
327,308,3152,833,846,1649,920,224,810,1614
328,308,3152,2121,861,231,653,920,224,810
329,515,294,1294,653,2668,757,920,224,810
330,515,221,1274,861,152,757,920,224,3097
331,2858,1191,1301,861,1190,757,920,224,810
332,2665,509,1464,861,213,1174,920,1907,2185
333,2248,2060,2281,653,248,3023,920,224,810
334,1948,3152,333,653,1403,2919,2814,119,1644
335,308,3152,1294,653,2668,2282,920,224,810
336,515,294,2984,653,2668,757,920,224,3097
337,308,3152,1936,1657,861,420,3023,920,224
338,2858,1222,1246,653,210,3164,920,224,810
339,2347,509,1318,846,1582,992,2814,119,1644
340,308,1081,2928,1495,757,920,224,3097,2916
341,1948,1565,1301,861,425,757,920,224,810
342,1234,3152,967,861,489,691,2814,119,1644
343,2598,3152,1828,653,1944,2282,920,1907,2185
344,515,3152,2263,861,107,992,2814,119,1644
345,1948,3152,2984,1047,1263,2063,920,224,810
346,515,3152,1936,2323,1393,2063,920,224,810
347,194,2060,1936,2928,1126,3023,920,224,810
348,1948,3152,516,653,2668,757,920,1907,1612
349,1234,3152,1294,3169,653,1403,2063,920,224
350,2248,509,1301,653,2063,920,224,810,1031
351,1234,3152,1513,846,1881,1085,920,224,3097
352,1121,1191,1464,653,1403,2282,920,1907,2185
353,1951,2770,2334,1894,653,2243,1085,920,224
354,1951,3152,967,674,653,1539,691,920,224
355,438,619,3059,861,2845,3023,920,224,810
356,1948,421,3059,2149,653,1304,757,920,224
357,89,1191,1242,1361,653,2668,846,920,224
358,515,1943,2556,2105,861,621,2282,920,224
359,1199,3152,1523,861,213,2063,920,224,810
360,1234,3152,2334,2251,861,1594,2063,920,224
361,1951,2770,1909,861,1594,1281,2814,119,1644
362,1234,3152,3047,1650,989,861,960,3028,48
363,2846,2918,1936,1429,653,1304,3023,920,224
364,1948,3152,2192,653,2668,2282,920,1907,2185
365,2858,1417,846,1924,2814,119,1644,667,2549
366,438,433,1464,861,44,2003,2814,119,1644
367,1951,3152,1318,2323,1734,691,2814,119,1644
368,2846,3152,2583,2024,653,784,48,195,920
369,1726,509,2334,2928,473,1649,920,1907,2185
370,1449,1191,967,846,1687,3023,920,224,810
371,194,2464,677,2928,1126,757,920,224,810
372,1234,3152,2334,1217,861,621,3023,920,224
373,308,583,653,2668,2063,920,224,3097,1001
374,515,221,1541,1047,2063,920,1907,2185,1043
375,1234,3152,1294,1047,2076,3164,920,1907,2185
376,1951,3152,1909,653,1093,1174,2814,119,1644
377,1726,1079,333,653,2331,48,920,224,2867
378,89,1417,3059,846,2410,510,2814,119,1644
379,308,3152,357,2928,1659,2063,920,224,810
380,308,3152,2984,653,2668,48,920,224,2867
381,308,1541,570,653,2282,920,1907,2185,358
382,2665,2918,1464,2928,2198,1085,920,224,2867
383,1449,433,2583,3133,2323,1697,3164,920,1907
384,1948,421,1909,861,2089,510,2814,119,1644
385,308,3152,1936,3162,653,1304,1085,920,224
386,1521,3152,2481,861,1866,2063,920,1907,2185
387,1234,3152,2263,861,1594,1649,920,224,810
388,1521,3152,2963,56,653,2892,2928,920,224
389,1948,421,833,861,152,2063,920,1907,2185
390,89,378,1936,2928,2012,1777,2814,119,1644
391,2554,1417,2121,653,1225,3164,920,1907,2185
392,454,619,677,653,811,48,920,1907,2185
393,308,3152,2281,846,1203,1085,920,224,810
394,308,3152,3022,846,3003,2063,920,224,3097
395,308,3152,496,846,2410,3164,920,224,810
396,308,3152,3059,2928,2012,2282,920,224,810
397,2846,3152,2281,2315,861,152,3023,920,224
398,1951,3152,3055,2928,1659,757,920,224,810
399,1948,421,653,54,3164,920,224,810,3142
400,2598,509,1081,1232,653,1403,1777,2814,119
401,2598,619,2984,653,2668,3164,920,224,810
402,2554,1222,1081,1657,2323,2897,3164,920,224
403,1449,619,861,152,846,920,224,810,2239
404,308,3152,3155,2673,861,2427,3164,920,1144
405,308,3152,1522,3084,366,2928,920,224,393
406,2554,294,2263,846,1924,510,2814,119,1644
407,1234,3152,2281,633,861,489,861,920,224
408,1948,1565,3059,735,861,2089,3045,2814,119
409,1948,421,352,1824,846,846,920,224,3097
410,515,3152,586,2394,653,359,3084,920,224
411,1234,3152,496,2928,1929,3164,920,224,810
412,1521,1535,496,861,1974,653,920,224,3097
413,2347,433,967,2928,1659,1649,920,224,810
414,2665,3152,2281,846,121,48,920,224,2867
415,308,3152,1863,1832,846,673,2928,920,1144
416,1948,421,1053,861,2505,1649,920,224,3097
417,1550,2060,3022,1361,861,1320,2063,920,224
418,1554,1191,2984,846,3103,2063,920,224,3097
419,308,3152,2687,2458,507,653,126,861,920
420,3040,3152,2908,723,844,861,1114,846,920
421,1234,3152,2984,846,2410,48,920,224,810
422,1234,3152,2334,2928,188,1649,920,224,810
423,515,1943,1798,1127,653,359,846,920,1144
424,1951,3152,452,653,2243,2003,920,224,810
425,515,3152,2928,495,2063,920,224,2798,2064
426,1948,1565,2256,2504,566,507,2795,1197,861
427,1951,2770,899,485,2633,861,1114,710,2928
428,1951,3152,1082,653,856,653,920,224,810
429,2248,619,967,846,654,1085,920,224,810
430,1951,3152,3041,2024,653,524,48,920,224
431,2605,3152,3059,846,2410,2003,920,224,810
432,1234,3152,496,236,861,213,1649,920,224
433,308,3152,1081,2714,2928,473,861,920,224
434,1951,3152,1016,415,861,1282,653,920,224
435,1948,421,2941,656,846,1730,757,920,224
436,1550,1191,1936,1187,861,425,846,920,224
437,1234,3152,90,861,2484,757,920,224,810
438,1948,3152,2927,2509,2928,461,2323,920,224
439,1234,3152,1936,861,2303,2063,920,224,2867
440,2347,3152,481,2928,1659,1649,920,224,810
441,1951,3152,2264,653,2668,48,920,224,810
442,2605,509,2196,507,2323,1501,861,920,224
443,1521,1222,2952,653,856,3164,920,224,810
444,515,3152,2687,2458,2394,3084,2444,653,920
445,2347,3152,2281,653,600,2063,920,224,810
446,1234,3152,1798,861,1974,3084,920,224,3097
447,1951,3152,1909,861,152,2919,920,224,810
448,1121,433,3022,653,126,2063,920,224,3097
449,3068,2446,2256,2504,566,507,2795,1197,653
450,515,294,428,846,673,861,920,224,3097
451,1234,3152,3059,1412,861,213,2282,920,224
452,308,413,653,2668,3164,920,224,393,2479
453,2069,3152,1851,1931,861,489,653,920,224
454,308,3152,2281,2928,473,757,920,224,810
455,308,3152,967,861,621,846,920,224,810
456,1521,1079,917,2094,2928,2351,2928,920,224
457,1121,294,1053,2958,2928,1659,2063,920,224
458,1948,3152,333,861,213,510,2814,119,1644
459,1521,1079,1053,861,152,2282,920,224,3097
460,1521,1079,2256,2504,566,507,2795,1197,861
461,308,3152,496,653,2668,2063,920,224,393
462,1521,1535,496,653,210,846,920,224,3097
463,1948,3152,1820,861,2484,3164,920,224,810
464,308,3152,2212,846,759,1649,920,224,810
465,1234,3152,2104,861,2484,757,920,224,810
466,89,221,917,861,2484,48,920,224,3097
467,1951,3152,2984,2251,653,1093,846,920,224
468,2846,3152,496,861,1974,2928,920,224,3097
469,89,166,2355,1324,861,2484,846,920,224
470,1951,421,9,2323,1963,757,920,224,810
471,1051,2770,496,861,2484,1085,920,224,810
472,1948,1565,2927,861,468,1649,920,224,3097
473,2347,1417,1053,861,468,2928,920,224,810
474,1951,3152,2687,507,2323,1501,1047,920,1144
475,308,3152,2927,772,653,600,757,920,224
476,2248,476,2256,2504,566,507,2795,1197,653
477,1554,3152,1081,861,468,757,920,224,3097
478,515,3152,1053,1515,846,654,2928,920,224
479,3048,1222,2256,2504,566,507,2795,1197,861
480,670,433,956,1788,861,1320,3164,920,224
481,308,3152,2300,1780,861,1974,846,920,1144
482,2598,619,1936,846,3121,2928,920,224,2867
483,2347,2864,2872,507,653,210,2063,920,224
484,1951,421,2300,846,759,2323,920,224,3097
485,515,3152,2256,2504,566,507,2795,1197,653
486,1951,2770,2440,798,653,856,653,920,224
487,308,3152,833,861,2484,1085,920,224,810
488,1449,2918,496,861,187,3164,920,224,3097
489,515,1222,428,653,359,247,920,224,3097
490,515,3152,2941,2203,653,2931,3164,920,224
491,3048,1417,3022,861,2493,48,920,224,810
492,1121,2864,1828,861,213,48,920,224,810
493,1550,1618,496,2173,861,2484,3164,920,224
494,2846,619,2256,2504,566,507,2795,1197,653
495,1121,1535,1778,861,489,2928,920,224,3097
496,1521,1535,2256,2504,566,507,2795,1197,1047
497,1554,2918,2984,861,425,3023,920,224,810
498,1948,3152,1172,861,213,3023,920,224,810
499,2554,2060,956,848,3084,971,846,920,224
500,3068,2465,2281,861,2164,2003,920,224,3097
501,2248,2464,2256,2504,566,507,2795,1197,653
502,1234,3152,90,2928,2012,48,920,224,810
503,438,2770,2687,2458,507,653,359,846,920
504,1521,1222,1707,653,2103,861,920,224,810
505,1449,1535,2090,861,2484,1085,920,224,3097
506,2858,509,2593,846,759,1649,920,224,3097
507,1234,3152,2789,507,861,1974,48,920,224
508,1948,3152,1082,861,2484,846,920,224,3097
509,308,3152,496,861,1615,48,920,224,3097
510,1234,3152,2256,2504,507,861,1114,2558,2928
511,308,3152,2702,861,1974,1085,920,224,3097
512,1951,3152,2256,2504,507,861,2427,861,920
513,515,165,2090,861,1320,2063,920,224,3097
514,2846,619,1095,1077,846,3003,861,920,1144
515,2605,3152,1520,846,1340,3164,920,224,810
516,1199,3152,2440,3111,2928,671,2928,920,224
517,1951,3152,2979,861,2433,48,920,224,810
518,1234,3152,2281,861,2297,3164,920,224,810
519,1550,2060,452,861,425,1281,2814,119,1644
520,1234,3152,1081,846,759,1649,920,224,3097
521,89,3152,206,2715,861,152,2928,920,224
522,1948,3152,1936,861,489,2919,2814,119,1644
523,1948,421,1984,2141,861,1320,846,920,224
524,1133,1713,2307,1872,846,673,861,920,1144
525,1234,3152,586,507,2928,2518,2396,920,1144
526,1948,421,496,861,621,846,920,224,810
527,3068,421,2256,2504,507,653,359,653,920
528,1726,1191,1081,1911,653,2668,48,920,224
529,308,3152,499,507,653,359,3084,920,1144
530,1521,1222,333,861,425,2330,2814,119,1644
531,1550,509,1936,2868,2928,497,1649,920,224
532,1234,3152,3041,3084,3164,920,224,810,1620
533,1521,1535,496,846,1881,653,920,224,810
534,1449,1535,2256,2504,507,2323,1501,48,2008
535,515,294,333,653,2331,691,2814,119,1644
536,1234,3152,2300,1872,861,1974,1047,920,1144
537,89,2864,2908,723,844,653,2322,3084,920
538,2347,1222,1016,1938,861,1974,846,920,224
539,1951,421,2687,507,846,3003,2323,920,1144
540,2248,619,2789,507,2323,2610,2323,920,224
541,2846,3152,3022,861,2484,2063,920,224,3097
542,515,3152,333,861,1594,3045,2814,119,1644
543,1234,3152,2307,450,861,2433,653,920,224
544,2846,3152,2281,861,468,2282,920,224,810
545,308,1936,861,2164,2330,2814,119,1644,3115
546,2846,619,496,2516,861,2484,2003,920,224
547,1948,421,2687,563,2024,2323,2610,3084,920
548,1234,3152,3059,861,213,2919,2814,119,1644
549,308,1936,861,2124,2330,2814,119,1644,2753
550,2605,2770,861,1085,2814,119,1644,2870,1801
551,308,3152,3155,2272,1077,861,1974,48,920
552,308,3152,956,861,621,861,920,224,810
553,515,221,581,2110,846,759,3164,920,224
554,1948,586,439,2394,2323,2205,2063,920,1144
555,1234,3152,352,2928,1825,2928,920,224,3097
556,670,619,2025,846,1582,530,2814,119,1644
557,1234,3152,2256,2504,507,846,3003,2063,920
558,1948,1565,967,846,1881,2330,2814,119,1644
559,194,1535,496,861,152,861,920,224,3097
560,1951,3152,2941,507,653,359,861,920,1144
561,1234,3152,160,861,1974,846,920,1144,1761
562,670,433,2281,861,152,2063,920,224,810
563,1951,2770,861,425,2063,920,224,810,553
564,1234,3152,1016,2323,1426,1047,920,224,2798
565,308,3022,653,2528,846,920,224,3097,2510
566,2665,1191,943,1247,846,815,3164,920,224
567,1948,3152,1936,846,1687,2063,920,224,810
568,1051,1222,9,861,2484,846,920,224,3097
569,1951,3152,2979,846,2127,2282,920,224,810
570,1951,421,496,589,861,1190,846,920,224
571,515,294,2789,507,2323,2610,1777,920,224
572,1234,3152,2256,2504,507,2928,813,48,2008
573,2554,294,3022,2928,495,861,920,224,3097
574,2846,2446,2281,249,861,489,3023,920,224
575,1951,165,2122,1832,861,1114,2323,920,224
576,1951,3152,2281,192,653,1304,757,920,224
577,515,3152,2256,2504,507,653,2322,397,2625
578,2846,2446,496,1515,846,3103,2063,920,224
579,1948,3152,1522,2024,846,673,1047,920,224
580,515,3152,2196,507,861,1974,48,920,224
581,308,3152,333,846,2410,2919,2814,119,1644
582,308,3152,2256,2504,507,653,2322,397,861
583,1521,421,496,846,673,2003,920,224,3097
584,1948,421,3022,2928,303,3164,920,224,3097
585,515,294,2256,2504,507,861,1114,2558,653
586,1234,3152,2687,507,653,359,1047,920,1144
587,2605,1222,3155,1220,680,861,1114,861,920
588,1234,3152,1465,846,654,3023,920,224,3097
589,89,433,2927,861,152,653,920,224,3097
590,1234,3152,2256,2504,507,653,2322,397,2928
591,2846,619,333,653,2331,1281,2814,119,1644
592,1234,3152,2984,861,2484,3164,920,224,3097
593,1948,3152,2620,450,861,1974,1777,920,224
594,1948,2300,1872,653,2322,2928,920,1144,1761
595,1951,2770,3059,861,2297,757,920,224,810
596,1521,1535,1081,861,2484,3164,920,224,393
597,194,1535,1778,415,846,673,2063,920,224
598,2347,1079,496,861,187,2063,920,224,810
599,2605,2465,1523,87,861,3049,1085,920,224
600,1948,3152,2984,861,1320,2282,920,224,3097
601,2598,433,2183,653,2243,846,920,224,810
602,1234,3152,452,861,489,757,920,224,810
603,308,2687,563,507,861,1114,48,920,1144
604,2554,294,3059,861,489,2063,920,224,810
605,515,294,1851,2928,1319,861,920,224,3097
606,1234,3152,1798,653,359,2928,920,224,3097
607,1948,3152,466,846,3003,3164,920,1144,1761
608,1948,421,833,861,152,2282,920,224,810
609,2605,2918,2281,2868,861,2297,2063,920,224
610,515,294,967,846,759,2063,920,224,2867
611,2846,3152,967,653,1403,2003,2814,119,1644
612,1948,421,3059,861,489,1174,2814,119,1644
613,3048,2770,496,688,861,1974,48,920,224
614,308,3152,1778,861,2073,653,920,224,3097
615,1234,3152,3059,861,2297,2919,2814,119,1644
616,2554,294,466,353,846,673,3023,920,224
617,1521,1079,2,688,861,1041,3023,2814,119
618,308,3152,1936,40,2928,473,1174,2814,119
619,1234,3152,499,2094,653,126,3084,920,224
620,2846,1713,981,674,861,489,3023,920,224
621,1554,911,2196,507,846,673,48,920,224
622,1948,1565,496,653,600,2282,920,224,810
623,1951,421,3041,798,653,2668,1649,920,224
624,1051,2918,1081,2700,653,2668,757,920,224
625,1051,294,496,846,759,1085,920,224,3097
626,308,899,485,2024,861,1974,2928,920,224
627,1521,2142,3059,861,425,2282,920,224,810
628,515,294,496,846,759,846,920,224,393
629,1234,3152,357,653,2103,861,920,224,2798
630,308,3152,1936,846,2999,2919,2814,119,1644
631,1234,3152,490,385,861,1320,1085,920,224
632,2598,1535,357,653,2103,653,920,224,810
633,515,294,2481,653,359,846,920,224,810
634,1948,3152,2354,2715,846,3003,2282,920,1144
635,1234,3152,1936,846,121,1174,920,224,810
636,1951,2770,499,2024,861,1974,653,920,1144
637,2846,619,333,846,1122,2919,2814,119,1644
638,1121,509,490,861,2124,757,920,224,810
639,1951,3152,2,548,846,673,846,920,1144
640,1234,3152,1301,846,1203,3164,920,224,3097
641,1948,3152,981,1324,653,2668,1649,920,224
642,308,3152,2984,319,846,1203,1649,920,224
643,515,1943,833,73,846,673,2003,2814,119
644,1948,3152,2281,633,861,489,2282,920,224
645,2554,619,899,446,2394,3084,1022,1047,920
646,1948,3152,51,1451,989,2928,813,2323,2167
647,515,3152,2481,846,673,861,920,224,810
648,1051,216,2872,798,653,1634,48,920,224
649,1234,3152,1358,2796,653,856,653,920,224
650,2598,378,2066,1827,2928,2518,48,920,224
651,1234,3152,2984,798,2928,2145,846,920,224
652,308,3152,956,2286,861,2484,861,920,224
653,1051,619,357,339,861,2484,1649,920,224
654,1948,3152,357,2928,80,846,920,224,3097
655,308,3152,937,861,2013,48,920,224,810
656,1948,421,1513,653,2668,48,920,224,810
657,308,3152,1186,846,1881,2063,920,224,810
658,2347,378,490,385,861,1974,1174,2814,119
659,2665,1191,1936,846,2410,2919,2814,119,1644
660,1521,1535,333,861,425,510,2814,119,1644
661,308,3152,1523,846,759,2063,920,224,810
662,308,3152,273,2373,653,359,1085,920,1907
663,1948,3152,1301,846,654,757,920,1907,1612
664,2846,421,3047,1650,3109,653,1862,2928,2230
665,308,3152,1523,2928,461,2063,920,224,2867
666,515,1222,2263,653,2331,1747,2814,119,1644
667,1234,3152,2263,861,2089,1747,2814,119,1644
668,1234,3152,1081,1911,653,2668,1085,920,224
669,1948,3152,2334,861,1594,2282,920,224,810
670,2846,2446,496,861,3156,3023,920,224,810
671,308,3152,653,145,757,2814,2922,2293,2095
672,1948,421,374,2377,861,2763,1649,920,224
673,1234,3152,1778,2483,861,2484,1085,920,224
674,2598,2918,1381,1467,942,507,893,2675,846
675,1521,3152,496,830,653,2313,1649,920,224
676,2846,1713,1381,1467,942,507,893,2675,2928
677,1948,421,861,2484,757,920,224,810,1614
678,1234,3152,1381,1467,942,507,893,2675,861
679,839,1417,289,653,126,861,920,224,3097
680,308,3152,2387,2203,861,1320,2063,920,224
681,2347,1417,2556,653,2668,2003,920,224,810
682,2347,1417,1107,1832,861,1564,48,920,224
683,1051,2060,2212,2928,1659,1777,920,224,3097
684,308,3152,49,2940,844,2928,813,1047,920
685,1951,3152,1381,1467,942,507,893,2675,861
686,515,294,3091,3154,861,213,2063,920,224
687,2846,619,1226,507,2323,2205,653,920,224
688,2347,2918,1466,507,846,984,2928,920,1144
689,1948,3152,703,507,653,2931,846,920,224
690,1234,3152,1081,1938,846,1203,48,920,224
691,1234,3152,1351,1832,861,1974,2323,920,1144
692,1234,3152,2281,846,1881,2282,920,224,810
693,89,294,3140,3084,846,920,224,2798,2064
694,1234,3152,1381,1467,942,507,893,2675,846
695,839,619,289,450,861,187,1085,920,224
696,1948,421,3091,653,1304,1649,920,224,810
697,1234,3152,1381,1467,942,507,893,2675,846
698,308,3152,917,1780,861,2073,2928,920,224
699,1948,421,629,653,2668,2323,920,224,3097
700,308,3152,1460,2595,2323,725,846,920,224
701,1234,3152,2281,2251,2323,1963,2063,920,224
702,308,3152,1399,846,1687,1174,920,224,810
703,2846,2060,1081,861,489,3164,920,224,3097
704,308,3152,2122,348,846,2987,3164,920,224
705,308,3152,496,846,1881,757,920,224,3097
706,1234,3152,2300,961,2928,2518,2323,920,1144
707,1948,3152,28,1374,861,489,1649,920,224
708,515,165,865,2024,861,2484,846,920,224
709,1948,3152,49,507,2928,2518,2928,920,1144
710,308,3152,1399,846,3103,3164,920,224,810
711,308,3152,1229,507,861,3164,920,224,2798
712,2248,911,1381,1467,942,507,893,2675,2323
713,3048,2060,2212,48,102,2330,2814,119,451
714,2605,684,2640,861,152,48,920,224,810
715,438,1222,1226,507,861,1114,2928,920,224
716,2846,2464,2281,861,468,757,920,224,810
717,454,1535,1381,1467,942,507,893,2675,861
718,1951,3152,1381,1467,942,507,893,2675,861
719,515,221,1513,653,2668,1649,920,224,3097
720,1449,1222,1513,653,1304,1649,920,224,810
721,1948,3152,1381,1467,942,507,893,2675,861
722,1550,3152,49,844,846,3003,3001,2928,920
723,3040,1535,2498,861,2484,48,920,224,3097
724,1133,1417,1351,1551,653,210,349,920,1144
725,1234,3152,1460,2286,2323,2004,3164,920,224
726,1521,1079,2281,861,152,3023,920,224,810
727,438,1222,289,2673,861,2433,3164,920,224
728,2846,476,333,846,3103,1085,920,224,810
729,2598,911,1820,507,653,210,861,920,224
730,1948,421,466,798,861,1974,846,920,224
731,1051,3152,1460,2024,846,759,846,920,224
732,308,2498,1873,653,2668,2282,920,224,810
733,2605,2770,2281,861,425,3023,920,224,810
734,2858,433,3155,656,653,359,861,920,1144
735,1234,3152,2300,1832,861,1114,846,920,1144
736,308,3152,1381,1467,942,507,893,2675,846
737,1951,3152,3155,1220,844,861,1114,1047,920
738,1234,3152,1433,2928,2485,846,920,224,810
739,1051,1191,3055,653,2668,2063,920,224,810
740,1051,2918,629,846,815,846,920,224,3097
741,1521,1535,428,116,861,1974,1047,920,224
742,1234,3152,2556,861,1621,3164,920,224,810
743,2605,509,1381,1467,942,507,893,2675,653
744,2347,221,3155,2272,2024,861,1974,2928,920
745,2846,619,2957,1938,653,210,48,920,224
746,1234,3152,1520,861,468,653,920,224,2798
747,308,3152,3059,861,213,2919,920,224,810
748,2069,1191,1229,507,2323,2610,2928,920,224
749,2248,1535,3059,1014,653,1740,1085,920,224
750,2347,1222,1081,861,2484,2323,920,224,810
751,2858,2864,1381,1467,942,507,893,2675,861
752,89,294,333,861,1594,3045,2814,119,1644
753,1948,3152,629,87,846,1881,2323,920,224
754,2605,433,2307,1077,653,359,653,920,1144
755,308,49,198,2024,2928,2518,2928,920,1144
756,1234,3152,2908,723,844,846,3003,2063,920
757,2846,307,2300,961,653,210,48,920,1144
758,515,1143,496,653,2224,3164,920,224,810
759,308,1883,1832,2323,1501,48,920,1144,1761
760,308,3152,1538,861,2484,3164,920,224,3097
761,2846,2446,3059,48,1777,920,224,810,1063
762,1121,294,1883,861,2484,3084,920,1144,1761
763,1550,1191,428,2759,861,1114,2928,920,224
764,2598,3152,1538,1187,861,152,2063,920,224
765,308,3152,968,846,673,846,920,224,3097
766,2605,1222,1466,2024,861,1974,861,920,1144
767,308,3152,1381,1467,942,507,893,2675,861
768,1521,1535,2085,2094,861,1114,710,653,920
769,1951,421,1081,385,861,1974,653,920,224
770,2605,911,2300,656,846,673,247,920,224
771,2069,1417,3091,2928,2012,3164,920,224,810
772,1234,3152,1520,415,653,359,48,920,224
773,1951,3152,3155,1832,861,1974,349,920,1144
774,1234,3152,1465,861,213,653,920,224,3097
775,1948,3152,1624,2673,861,1974,3164,920,224
776,1521,3152,3128,861,745,861,920,224,810
777,1951,2770,1351,450,2928,2145,3164,920,1144
778,2347,2142,1624,1832,861,1114,48,920,224
779,308,3152,3055,846,1649,920,224,2867,518
780,2248,2918,2307,204,861,1974,861,920,1144
781,438,2770,2281,846,1582,48,920,224,810
782,1234,3152,2702,16,653,359,653,920,1144
783,1951,3152,2387,861,1974,1085,920,224,3097
784,515,1222,3128,1817,846,252,2063,920,224
785,454,1417,2593,2156,2323,2004,48,920,224
786,308,2104,2306,48,372,3164,920,224,2867
787,194,1191,496,2404,861,919,1649,920,224
788,308,3152,496,1324,2928,1659,846,920,224
789,308,2024,846,1881,48,920,224,3097,1812
790,1051,1191,1381,1467,942,507,893,2675,861
791,1948,3152,1016,1360,861,2484,2928,920,224
792,1234,3152,1460,861,2433,846,920,224,3097
793,1521,3152,289,861,1114,48,920,224,3097
794,1234,3152,496,1165,861,152,3164,920,224
795,1133,509,2281,2323,3069,846,920,224,810
796,1550,1417,692,653,2668,2323,920,224,2798
797,1948,1565,496,2323,2658,48,920,224,810
798,308,3152,1081,48,765,3023,920,224,3097
799,2858,294,49,2940,844,861,1114,2086,2323
800,2858,2060,2627,846,1372,1777,920,224,810
801,1726,1222,3055,846,1372,48,920,224,810
802,2846,619,1523,861,489,1649,920,224,810
803,308,3152,496,1911,2928,461,48,920,224
804,515,1222,1433,861,2433,653,920,224,810
805,2846,3152,1466,507,2323,2205,2928,920,1144
806,308,1274,3084,2419,846,920,224,810,464
807,3068,1079,3055,653,210,846,920,224,3097
808,1948,421,3155,1120,653,359,2323,920,1144
809,2069,1535,1351,2094,861,2427,2323,920,1144
810,515,1222,496,861,489,861,920,224,3097
811,2605,619,496,653,600,757,920,224,810
812,1051,2465,1736,861,2073,861,920,224,810
813,1234,3152,1520,116,861,48,920,224,810
814,1051,2918,1226,1060,653,126,653,920,224
815,308,1513,846,759,2282,920,224,810,1302
816,1449,1535,3059,861,489,3164,920,224,2867
817,1550,3152,861,213,861,920,224,810,3142
818,1234,3152,861,1437,48,920,224,810,970
819,1726,1535,1513,861,152,846,920,224,810
820,1234,3152,289,1361,2928,3164,920,224,2798
821,1550,3152,2090,2094,653,2726,2928,920,224
822,3048,619,3128,861,1974,757,920,224,3097
823,515,3152,496,861,213,3164,920,224,3097
824,2248,1191,49,844,861,1114,2086,1649,920
825,2554,1417,1107,861,1974,861,920,224,3097
826,1234,3152,865,861,1615,846,920,224,810
827,1521,1079,1334,861,2325,2928,920,224,810
828,2665,619,1047,3164,920,224,810,85,1108
829,1121,1417,861,1974,48,920,224,810,972
830,839,1417,2281,2928,131,757,920,224,810
831,308,3152,1081,861,2297,2928,920,1144,1761
832,1234,3152,3155,1775,2928,2836,757,920,1144
833,1521,3152,1466,2750,861,1974,1047,920,224
834,1726,1535,2281,2769,861,425,846,920,224
835,1521,1191,1465,846,2987,3164,920,224,2867
836,1948,3152,2300,2141,861,1974,653,920,1144
837,1234,3152,496,846,48,920,224,810,734
838,1948,3152,1523,135,846,1649,920,224,810
839,1951,2770,1229,507,653,1957,861,920,224
840,308,3152,1381,1467,942,507,893,2675,2928
841,515,294,2281,2251,653,600,1649,920,224
842,308,3152,2300,1775,2928,813,349,920,1144
843,1948,3152,2593,2024,861,1974,247,920,1144
844,1948,3152,2085,2859,1832,653,1634,861,920
845,1951,3152,1523,861,2297,1649,920,224,810
846,2554,1417,1520,2992,861,1320,653,920,224
847,1234,3152,3059,846,1203,2282,920,224,810
848,515,221,1513,873,846,1881,1649,920,224
849,2554,1222,656,861,1320,846,920,224,810
850,3040,1417,1466,1629,2323,2610,2928,920,224
851,1951,3152,3059,2405,861,489,349,920,224
852,1234,3152,2307,656,846,2987,861,920,224
853,2846,684,1334,846,654,861,920,224,2798
854,1948,3152,1358,1463,861,2124,2063,920,224
855,1951,2770,49,2940,2394,653,2322,349,920
856,2598,1191,2122,519,2323,1818,1047,920,224
857,1951,2770,1081,1005,861,2484,1085,920,224
858,1951,421,1381,1467,942,507,893,2675,653
859,1449,433,496,1515,846,1203,846,920,224
860,3040,3152,1381,1467,942,507,893,2675,653
861,515,3152,1523,2928,1659,2063,920,224,810
862,1234,3152,1736,861,2073,2928,920,224,3097
863,1234,3152,1778,702,861,2164,1649,920,224
864,1951,2770,653,1093,2323,920,224,810,138
865,1948,3152,709,846,673,861,920,224,3097
866,1951,165,2104,2587,846,609,846,920,224
867,1234,3152,1334,653,1225,1649,920,224,810
868,1234,3152,1081,1388,48,653,920,224,3097
869,839,3152,87,653,2395,846,920,224,2798
870,1948,421,3058,3084,366,3084,920,224,3097
871,1948,3152,846,1924,758,2814,119,1644,2131
872,308,3152,2300,1832,653,2322,2323,920,1144
873,1951,421,1107,2203,2323,2004,846,920,224
874,2352,1222,49,198,2024,861,1564,846,920
875,3040,509,507,653,2103,48,920,224,2798
876,1234,3152,917,450,2928,48,920,224,3097
877,1449,3152,2281,2928,497,349,920,224,810
878,1554,433,627,846,759,653,920,224,3097
879,1554,2464,3140,507,653,524,48,2814,119
880,2248,1191,1381,1467,844,861,1114,1995,861
881,308,3152,1381,1467,942,507,893,2675,846
882,308,3152,496,861,2845,2063,920,224,3097
883,1234,3152,496,2323,2658,2063,920,224,3097
884,2598,3152,2908,723,844,861,1114,710,1047
885,2248,509,1082,861,1564,2282,920,224,3097
886,1948,3152,1381,1467,942,507,893,2675,1047
887,2248,2918,2281,1047,1383,846,920,224,810
888,1449,2464,3128,570,846,2987,1649,920,224
889,308,3152,1381,1467,942,507,893,2675,846
890,515,3152,2104,861,2297,846,920,224,3097
891,1948,421,917,1127,861,1974,846,920,224
892,1234,3152,1381,1467,942,507,893,2675,2928
893,194,1535,653,2668,48,920,224,810,2101
894,1234,3152,865,656,846,861,920,224,3097
895,2069,1191,1465,653,2668,48,920,224,3097
896,1521,3152,1081,2799,653,2119,846,920,224
897,308,3152,1513,861,152,48,920,224,810
898,1234,3152,1381,1467,942,507,893,2675,2928
899,1234,3152,703,1361,653,1225,861,920,224
900,1550,1618,507,653,3164,920,224,2798,1642
901,1521,1191,496,861,489,757,920,224,3097
902,1948,3152,1523,861,152,2063,920,224,3097
903,1121,3152,496,1472,861,213,1085,920,224
904,1951,3152,1351,680,2323,725,846,920,1144
905,2347,378,1107,2024,861,2433,653,920,224
906,1234,3152,2122,87,861,1974,653,920,224
907,308,709,2053,846,654,48,920,224,3097
908,515,1222,49,844,861,1114,2086,653,920
909,1234,3152,2104,2992,861,1974,48,920,224
910,1948,3152,1081,688,653,600,48,920,224
911,1948,3152,2212,861,152,1649,920,224,810
912,1521,1191,496,2994,861,2484,757,920,224
913,1234,3152,3091,2700,846,1881,1649,920,224
914,1948,421,1081,2053,653,210,2323,920,224
915,2347,2446,3155,1220,2094,653,1634,247,920
916,2665,1191,3128,653,2668,48,920,224,810
917,1234,3152,507,846,673,2323,920,224,2798
918,1951,165,2104,2053,653,600,2323,920,224
919,194,2446,1229,1463,653,2528,2323,920,224
920,839,1191,1381,1467,942,507,893,2675,861
921,1234,3152,3140,656,3084,1273,1047,920,224
922,1234,3152,333,653,2243,2003,920,224,810
923,1234,3152,2281,861,1437,2063,920,224,810
924,1951,421,629,3084,1273,653,920,224,3097
925,2248,1191,2702,2666,2928,578,3164,920,1144
926,1948,3152,1466,507,2928,2518,2928,920,224
927,308,3152,1508,507,846,673,653,920,224
928,1948,421,496,861,2164,3045,2814,119,451
929,515,2142,1107,861,2433,653,920,224,810
930,308,3152,2957,1978,653,856,1649,920,224
931,1234,3152,2300,807,846,1500,48,920,1144
932,1234,3152,1513,633,846,3103,1649,920,224
933,1133,3152,1229,507,861,1114,2928,920,224
934,2846,3152,49,2940,2394,846,3003,2063,920
935,308,3152,496,861,2484,48,920,224,2867
936,2347,166,1229,1463,2928,2518,861,920,224
937,308,3152,3058,1832,861,1974,846,920,224
938,1951,2770,2908,723,844,861,1114,710,2928
939,308,3152,1358,2024,1047,1026,653,920,224
940,1951,2770,1513,154,653,2044,2282,920,224
941,1234,3152,709,653,861,920,224,810,1614
942,308,2281,1769,2323,2289,757,920,224,810
943,1948,421,1624,1832,2928,239,3164,920,224
944,1948,3152,3155,2272,1832,861,1114,710,861
945,1948,3152,2702,861,1974,2928,920,1144,1761
946,308,3152,1538,2457,2928,131,653,920,224
947,1948,1565,2281,207,861,489,1649,920,224
948,308,3152,496,3084,731,48,920,224,810
949,1948,496,48,765,2063,920,224,3097,400
950,2846,307,1465,653,2668,3164,920,224,393
951,1521,1191,466,2928,2518,653,920,224,3097
952,2554,166,861,213,1085,920,224,810,2964
953,1948,421,1523,846,759,3164,920,224,810
954,1121,619,865,653,2103,861,920,224,3097
955,1550,2060,1081,3089,861,1320,3084,920,224
956,308,3152,1523,861,2484,846,920,224,810
957,2605,509,1226,1060,846,3003,1085,920,224
958,3068,509,2281,48,699,3023,920,224,3097
959,1051,911,2307,1824,846,673,2323,920,1144
960,1121,3152,1513,2323,2658,861,920,224,2867
961,515,221,352,2203,2928,2139,2919,920,224
962,2554,294,1513,861,213,846,920,224,3097
963,1234,3152,3055,2323,653,920,224,3097,2151
964,308,3152,968,1832,861,1974,2928,920,224
965,1550,221,1274,653,1093,2063,920,224,810
966,454,2918,2212,653,2243,2928,920,224,810
967,1234,3152,2085,2859,1775,846,759,3084,920
968,1951,421,3091,653,2331,1649,920,224,810
969,670,3152,1226,507,2928,2836,846,920,1144
970,2605,421,2300,2024,653,359,861,920,224
971,1051,294,1334,861,2484,861,920,224,810
972,308,3152,2933,653,210,3023,920,224,393
973,2846,421,1229,1629,846,3003,653,920,224
974,515,3152,968,846,673,1649,920,224,3097
975,2347,1535,2264,846,759,3164,920,224,2867
976,3040,221,116,861,1974,861,920,224,393
977,1234,3152,846,673,1085,920,224,810,2964
978,515,294,653,2044,2063,920,224,810,2964
979,308,3152,2281,1865,846,759,48,920,224
980,515,3152,1508,507,2928,2351,653,920,224
981,1948,421,1883,1832,846,673,2323,920,1144
982,2605,1535,2085,2859,842,861,1974,2928,920
983,1948,3152,466,846,759,2063,920,1144,1761
984,1234,3152,1538,653,2668,48,920,224,3097
985,1121,911,861,468,48,920,224,810,708
986,1951,421,865,2750,2323,1504,48,920,224
987,2248,3152,3059,674,861,2857,757,920,224
988,1550,1618,1883,798,861,2297,2928,920,224
989,515,1222,1538,846,1687,2063,920,224,3097
990,1948,421,496,846,945,48,920,224,3097
991,1234,3152,496,1657,2928,461,1047,920,224
992,308,653,210,861,920,224,810,970,326
993,1726,166,865,2053,653,2668,2928,920,224
994,1948,3152,2927,861,152,2063,920,224,810
995,2248,2918,1081,1938,861,2297,3164,920,224
996,438,619,1883,1978,861,2433,861,920,224
997,2554,3152,333,861,213,3164,920,224,810
998,1948,421,1381,1467,942,507,893,2675,653
999,2347,619,703,1685,2323,2047,1085,920,224
1000,1948,3152,1381,1467,942,507,893,2675,2928
1001,2605,1535,1538,2928,1659,2282,920,224,810
1002,1234,3152,466,507,846,673,2928,920,1144
1003,2554,2060,1460,861,48,920,224,810,1300
1004,2846,2918,968,1832,3084,48,920,224,3097
1005,1948,3152,1460,570,653,210,2323,920,224
1006,1550,2060,49,2940,2024,653,126,653,920
1007,1234,3152,2307,1832,861,1974,1047,920,1144
1008,1234,3152,49,2940,844,846,3003,3001,3084
1009,1449,1417,1460,2024,861,1974,653,920,224
1010,2598,3152,2307,1978,861,1114,920,224,3097
1011,1550,3152,2702,1938,861,2484,349,920,1144
1012,1199,3152,1513,2323,2047,48,920,224,810
1013,438,294,1513,2928,497,3164,920,224,810
1014,308,496,861,2164,1649,920,224,3097,615
1015,1948,3152,2498,1743,3084,366,3164,920,224
1016,1051,509,90,846,1687,1174,920,224,810
1017,1948,3152,289,653,359,48,920,224,810
1018,1951,3152,1082,861,1974,3084,920,224,810
1019,515,294,1513,846,2987,861,920,224,810
1020,1951,3152,3128,1327,846,759,846,920,224
1021,2846,2918,496,1361,861,468,1649,920,224
1022,308,2281,861,152,2063,920,224,2867,1656
1023,2846,2918,160,2673,861,2073,2323,920,1144
1024,2846,619,1399,767,861,213,846,920,224
1025,515,1222,2281,846,1881,1085,920,224,3097
1026,1521,1191,333,846,2410,2330,2814,119,1644
1027,1554,294,49,844,846,3003,3001,661,920
1028,1234,3152,2263,48,266,2814,119,1644,2131
1029,839,1417,1465,861,213,2928,920,224,810
1030,515,1943,333,846,1924,1281,2814,119,1644
1031,2605,619,496,861,2297,1085,920,224,3097
1032,2554,3152,2307,2673,2928,2518,861,920,1144
1033,308,3152,1465,861,2484,846,920,224,3097
1034,1550,1417,48,102,2063,920,224,810,754
1035,515,294,1381,1467,942,507,893,2675,861
1036,515,3152,1513,846,3121,1085,920,224,3097
1037,308,3152,1358,846,2987,48,920,224,393
1038,1121,1191,3059,2928,1785,1777,2814,119,1644
1039,308,3152,2702,653,210,48,920,224,3097
1040,308,3152,1513,570,2928,461,2003,920,224
1041,2605,619,917,861,1974,653,920,224,3097
1042,1948,421,1381,1467,942,507,893,2675,861
1043,2598,1417,1523,861,152,861,920,224,810
1044,2858,1191,1381,1467,942,507,893,2675,2928
1045,1051,2918,1465,861,2164,653,920,224,3097
1046,2605,2918,496,861,152,2063,920,224,3097
1047,2347,2464,2300,2011,861,1974,861,920,224
1048,438,1417,2090,1247,861,1974,48,920,1144
1049,2605,2465,496,653,2668,1649,920,224,810
1050,1948,3152,1798,1269,861,2484,653,920,1144
1051,1234,3152,629,337,653,2668,3164,920,224
1052,308,3152,1274,653,1304,48,920,224,810
1053,515,3152,496,812,2928,1659,653,920,224
1054,1234,3152,2404,846,759,3023,920,224,810
1055,1550,2770,798,2928,2600,1649,920,224,810
1056,2554,307,1883,2024,2323,725,2928,920,1144
1057,1521,1191,496,653,1403,2323,920,224,3097
1058,308,3152,1883,656,653,210,846,920,224
1059,1051,3152,3155,2272,1832,861,1114,710,3084
1060,308,3152,1460,656,846,673,3164,920,1144
1061,2554,2060,2281,846,1881,48,920,224,810
1062,2554,166,3155,2272,2094,653,359,846,920
1063,1234,3152,1381,1467,942,507,893,2675,1047
1064,1521,1191,1016,861,1974,3164,920,224,3097
1065,1951,2770,1778,2315,861,425,653,920,224
1066,308,496,861,2611,3023,920,224,810,2337
1067,2554,2005,1523,846,1881,846,920,224,810
1068,2665,3152,861,187,48,920,224,810,3142
1069,194,1713,1883,450,861,1974,846,920,1144
1070,1948,421,1523,653,1403,2063,920,224,810
1071,1234,3152,1082,861,2073,2282,920,224,3097
1072,1948,421,629,861,2484,846,920,224,810
1073,1234,3152,2300,2673,653,126,846,920,1144
1074,1550,1417,2300,450,846,673,846,920,224
1075,1521,1535,466,1832,861,2427,653,920,1144
1076,2605,2770,2957,653,1639,846,920,224,810
1077,670,1535,629,2306,2928,2485,1649,920,224
1078,1948,3152,1229,507,653,126,861,920,224
1079,2846,1713,2281,1394,846,759,1085,920,224
1080,1948,421,829,2094,2928,2518,2063,920,224
1081,515,221,865,1629,861,2325,1085,920,224
1082,1951,2770,1381,1467,942,507,893,2675,653
1083,1234,3152,1513,1515,653,2668,3164,920,224
1084,2554,307,1081,846,759,2063,920,224,810
1085,1726,3152,289,1127,861,1320,2063,920,224
1086,2665,1417,1381,1467,942,507,893,2675,861
1087,1951,165,1523,861,2297,653,920,224,810
1088,1948,3152,1465,2928,461,2063,920,224,810
1089,515,294,160,348,861,2073,861,920,1144
1090,515,1222,968,861,1114,653,920,224,3097
1091,308,2212,846,1163,2063,920,224,810,553
1092,1234,3152,629,2509,861,1974,3164,920,224
1093,515,352,2666,861,1974,1047,920,224,3097
1094,308,3152,496,846,1203,48,920,224,393
1095,2846,2060,496,3089,48,2063,920,224,2867
1096,438,1191,1778,846,654,861,920,224,810
1097,308,2307,2673,846,3003,2282,920,224,3097
1098,1521,1191,3059,653,2224,1047,920,224,810
1099,308,3152,1229,3111,861,1974,1047,920,224
1100,2554,166,496,861,489,3164,920,224,3097
1101,1449,1191,2212,861,2845,2063,920,224,810
1102,1550,1417,496,2799,861,2073,48,920,224
1103,1726,3152,3059,2928,473,3084,920,224,2867
1104,2347,619,3140,656,653,1639,3164,920,224
1105,2605,2464,2927,861,489,2063,920,224,2867
1106,1554,509,1381,1467,942,507,893,2675,2323
1107,1234,3152,1735,861,225,2928,920,224,810
1108,1234,3152,1229,507,846,673,3023,920,224
1109,2846,619,2640,1047,3127,653,920,224,810
1110,308,3152,1523,861,152,1085,920,224,810
1111,670,1191,1508,507,653,3083,2063,920,224
1112,308,3152,2281,846,1203,2330,920,224,3097
1113,2554,165,1513,2053,861,152,1085,920,224
1114,2846,2918,1778,1269,653,856,48,920,224
1115,1951,2770,3155,116,653,2119,861,920,1144
1116,515,3152,1081,861,1974,3084,920,224,3097
1117,1234,3152,709,798,861,468,861,920,224
1118,1948,3152,2281,653,2668,2063,920,224,810
1119,1051,294,496,861,152,2928,920,224,810
1120,1948,421,2908,723,507,653,2322,125,2323
